Date,Design,Product,Retail Price,Earnings,Sale Type,Source,Status
2025-10-01,Retro Sunset Cat,Sticker,$4.00,$0.60,Full Price,Your Store Link,Completed
2025-10-01,Coffee Then Chaos,Sticker,$4.00,$0.60,Full Price,Marketplace,Completed
2025-10-01,Spooky Season Ghost Squad,Mug,$16.00,$2.00,Full Price,Marketplace,Completed
2025-10-01,Plant Mom Club,Mug,$16.00,$2.00,Full Price,Marketplace,Completed
2025-10-01,Book Dragon Hoarder,T-Shirt,$24.00,$4.00,Full Price,Marketplace,Completed
2025-10-02,Retro Sunset Cat,T-Shirt,$24.00,$4.00,Full Price,Marketplace,Completed
2025-10-02,Coffee Then Chaos,Mug,$16.00,$2.00,Full Price,Marketplace,Completed
2025-10-02,Spooky Season Ghost Squad,Sticker,$4.00,$0.60,Full Price,Marketplace,Completed
2025-10-02,Book Dragon Hoarder,T-Shirt,$24.00,$4.00,Full Price,Marketplace,Completed
2025-10-03,Retro Sunset Cat,Mug,$16.00,$2.00,Full Price,Marketplace,Completed
2025-10-03,Spooky Season Ghost Squad,T-Shirt,$24.00,$4.00,Full Price,Your Store Link,Completed
2025-10-03,Spooky Season Ghost Squad,Wall Art,$28.00,$4.50,Full Price,Marketplace,Completed
2025-10-03,Dad Joke Loading,T-Shirt,$24.00,$4.00,Full Price,Marketplace,Completed
2025-10-03,Ugly Sweater Llama,T-Shirt,$24.00,$4.00,Full Price,Marketplace,Completed
2025-10-04,Retro Sunset Cat,Sticker,$4.00,$0.60,Full Price,Marketplace,Completed
2025-10-04,Coffee Then Chaos,T-Shirt,$24.00,$4.00,Full Price,Marketplace,Completed
2025-10-04,Spooky Season Ghost Squad,T-Shirt,$24.00,$4.00,Full Price,Marketplace,Completed
2025-10-04,Spooky Season Ghost Squad,Mug,$16.00,$2.00,Full Price,Marketplace,Completed
2025-10-04,Plant Mom Club,T-Shirt,$24.00,$4.00,Full Price,Your Store Link,Completed
2025-10-04,Introverts Unite Separately,Wall Art,$28.00,$4.50,Full Price,Marketplace,Completed
2025-10-04,Book Dragon Hoarder,T-Shirt,$24.00,$4.00,Full Price,Marketplace,Completed
2025-10-05,Retro Sunset Cat,T-Shirt,$24.00,$4.00,Full Price,Marketplace,Completed
2025-10-05,Coffee Then Chaos,Sticker,$4.00,$0.60,Full Price,Your Store Link,Completed
2025-10-05,Spooky Season Ghost Squad,Tank Top,$24.00,$4.00,Full Price,Marketplace,Completed
2025-10-05,Spooky Season Ghost Squad,T-Shirt,$24.00,$4.00,Full Price,Marketplace,Completed
2025-10-05,Plant Mom Club,Phone Case,$22.00,$3.00,Full Price,Your Store Link,Completed
2025-10-05,Introverts Unite Separately,T-Shirt,$24.00,$4.00,Full Price,Marketplace,Completed
2025-10-05,Dad Joke Loading,Hoodie,$45.00,$8.00,Full Price,Marketplace,Completed
2025-10-05,Book Dragon Hoarder,Hoodie,$45.00,$8.00,Full Price,Marketplace,Completed
2025-10-06,Retro Sunset Cat,Mug,$16.00,$2.00,Full Price,Marketplace,Completed
2025-10-06,Spooky Season Ghost Squad,T-Shirt,$24.00,$4.00,Full Price,Marketplace,Completed
2025-10-06,Spooky Season Ghost Squad,T-Shirt,$24.00,$4.00,Full Price,Marketplace,Completed
2025-10-06,Plant Mom Club,T-Shirt,$24.00,$4.00,Full Price,Marketplace,Completed
2025-10-06,Book Dragon Hoarder,T-Shirt,$24.00,$4.00,Full Price,Marketplace,Completed
2025-10-07,Retro Sunset Cat,Wall Art,$28.00,$4.50,Full Price,Marketplace,Completed
2025-10-07,Coffee Then Chaos,Hoodie,$45.00,$8.00,Full Price,Marketplace,Completed
2025-10-07,Spooky Season Ghost Squad,Sticker,$4.00,$0.60,Full Price,Marketplace,Completed
2025-10-07,Spooky Season Ghost Squad,Hoodie,$45.00,$8.00,Full Price,Marketplace,Completed
2025-10-07,Introverts Unite Separately,Hoodie,$45.00,$8.00,Full Price,Your Store Link,Completed
2025-10-08,Retro Sunset Cat,T-Shirt,$24.00,$4.00,Full Price,Marketplace,Completed
2025-10-08,Coffee Then Chaos,Sticker,$4.00,$0.60,Full Price,Your Store Link,Completed
2025-10-08,Spooky Season Ghost Squad,T-Shirt,$24.00,$4.00,Full Price,Marketplace,Completed
2025-10-08,Plant Mom Club,Mug,$16.00,$2.00,Full Price,Marketplace,Completed
2025-10-08,Introverts Unite Separately,Sticker,$4.00,$0.60,Full Price,Marketplace,Completed
2025-10-09,Retro Sunset Cat,T-Shirt,$24.00,$4.00,Full Price,Marketplace,Completed
2025-10-09,Coffee Then Chaos,T-Shirt,$24.00,$4.00,Full Price,Your Store Link,Completed
2025-10-09,Spooky Season Ghost Squad,Tank Top,$24.00,$4.00,Full Price,Marketplace,Completed
2025-10-09,Plant Mom Club,T-Shirt,$24.00,$4.00,Full Price,Marketplace,Completed
2025-10-09,Book Dragon Hoarder,T-Shirt,$24.00,$4.00,Full Price,Marketplace,Completed
2025-10-10,Retro Sunset Cat,Phone Case,$22.00,$3.00,Full Price,Marketplace,Completed
2025-10-10,Coffee Then Chaos,T-Shirt,$24.00,$4.00,Full Price,Marketplace,Completed
2025-10-10,Spooky Season Ghost Squad,T-Shirt,$24.00,$4.00,Full Price,Marketplace,Completed
2025-10-10,Introverts Unite Separately,T-Shirt,$24.00,$4.00,Full Price,Marketplace,Completed
2025-10-10,Dad Joke Loading,Hoodie,$45.00,$8.00,Full Price,Marketplace,Completed
2025-10-10,Ugly Sweater Llama,T-Shirt,$24.00,$4.00,Full Price,Marketplace,Completed
2025-10-11,Retro Sunset Cat,T-Shirt,$24.00,$4.00,Full Price,Marketplace,Completed
2025-10-11,Coffee Then Chaos,Sticker,$4.00,$0.60,Full Price,Marketplace,Completed
2025-10-11,Spooky Season Ghost Squad,Hoodie,$45.00,$8.00,Full Price,Marketplace,Completed
2025-10-11,Plant Mom Club,T-Shirt,$24.00,$4.00,Full Price,Marketplace,Completed
2025-10-11,Introverts Unite Separately,T-Shirt,$24.00,$4.00,Full Price,Marketplace,Completed
2025-10-11,Book Dragon Hoarder,Mug,$16.00,$2.00,Full Price,Your Store Link,Completed
2025-10-12,Retro Sunset Cat,Hoodie,$45.00,$8.00,Full Price,Marketplace,Completed
2025-10-12,Coffee Then Chaos,Tank Top,$24.00,$4.00,Full Price,Marketplace,Completed
2025-10-12,Spooky Season Ghost Squad,Mug,$16.00,$2.00,Full Price,Your Store Link,Completed
2025-10-12,Introverts Unite Separately,Hoodie,$45.00,$8.00,Full Price,Marketplace,Completed
2025-10-12,Pixel Art Mushroom,Tank Top,$24.00,$4.00,Full Price,Your Store Link,Completed
2025-10-13,Retro Sunset Cat,Tank Top,$24.00,$4.00,Full Price,Your Store Link,Completed
2025-10-13,Coffee Then Chaos,T-Shirt,$24.00,$4.00,Full Price,Marketplace,Completed
2025-10-13,Spooky Season Ghost Squad,T-Shirt,$24.00,$4.00,Full Price,Marketplace,Completed
2025-10-13,Introverts Unite Separately,T-Shirt,$24.00,$4.00,Full Price,Marketplace,Completed
2025-10-13,Dad Joke Loading,Sticker,$4.00,$0.60,Full Price,Marketplace,Completed
2025-10-14,Retro Sunset Cat,T-Shirt,$24.00,$4.00,Full Price,Marketplace,Completed
2025-10-14,Coffee Then Chaos,Hoodie,$45.00,$8.00,Full Price,Marketplace,Completed
2025-10-14,Spooky Season Ghost Squad,Sticker,$4.00,$0.60,Full Price,Marketplace,Completed
2025-10-14,Dad Joke Loading,Mug,$16.00,$2.00,Full Price,Your Store Link,Completed
2025-10-15,Retro Sunset Cat,Sticker,$4.00,$0.60,Full Price,Marketplace,Completed
2025-10-15,Coffee Then Chaos,T-Shirt,$24.00,$4.00,Full Price,Marketplace,Completed
2025-10-15,Spooky Season Ghost Squad,Hoodie,$45.00,$8.00,Full Price,Marketplace,Completed
2025-10-15,Plant Mom Club,Phone Case,$22.00,$3.00,Full Price,Your Store Link,Completed
2025-10-15,Introverts Unite Separately,T-Shirt,$24.00,$4.00,Full Price,Marketplace,Completed
2025-10-15,Book Dragon Hoarder,Sticker,$4.00,$0.60,Full Price,Your Store Link,Completed
2025-10-16,Retro Sunset Cat,T-Shirt,$24.00,$4.00,Full Price,Marketplace,Completed
2025-10-16,Coffee Then Chaos,T-Shirt,$24.00,$4.00,Full Price,Marketplace,Completed
2025-10-16,Spooky Season Ghost Squad,Hoodie,$45.00,$8.00,Full Price,Marketplace,Completed
2025-10-16,Spooky Season Ghost Squad,T-Shirt,$24.00,$4.00,Full Price,Marketplace,Completed
2025-10-16,Plant Mom Club,T-Shirt,$24.00,$4.00,Full Price,Marketplace,Completed
2025-10-16,Introverts Unite Separately,T-Shirt,$24.00,$4.00,Full Price,Marketplace,Completed
2025-10-17,Retro Sunset Cat,Hoodie,$45.00,$8.00,Full Price,Marketplace,Completed
2025-10-17,Coffee Then Chaos,T-Shirt,$24.00,$4.00,Full Price,Your Store Link,Completed
2025-10-17,Spooky Season Ghost Squad,Tank Top,$24.00,$4.00,Full Price,Marketplace,Completed
2025-10-17,Introverts Unite Separately,T-Shirt,$24.00,$4.00,Full Price,Marketplace,Completed
2025-10-17,Pixel Art Mushroom,T-Shirt,$24.00,$4.00,Full Price,Marketplace,Completed
2025-10-18,Retro Sunset Cat,Wall Art,$28.00,$4.50,Full Price,Marketplace,Completed
2025-10-18,Coffee Then Chaos,Sticker,$4.00,$0.60,Full Price,Marketplace,Completed
2025-10-18,Spooky Season Ghost Squad,T-Shirt,$24.00,$4.00,Full Price,Marketplace,Completed
2025-10-18,Spooky Season Ghost Squad,Sticker,$4.00,$0.60,Full Price,Marketplace,Completed
2025-10-18,Plant Mom Club,T-Shirt,$24.00,$4.00,Full Price,Marketplace,Completed
2025-10-18,Dad Joke Loading,T-Shirt,$24.00,$4.00,Full Price,Your Store Link,Completed
2025-10-19,Retro Sunset Cat,T-Shirt,$24.00,$4.00,Full Price,Marketplace,Completed
2025-10-19,Coffee Then Chaos,Mug,$16.00,$2.00,Full Price,Marketplace,Completed
2025-10-19,Spooky Season Ghost Squad,T-Shirt,$24.00,$4.00,Full Price,Marketplace,Completed
2025-10-19,Plant Mom Club,T-Shirt,$24.00,$4.00,Full Price,Your Store Link,Completed
2025-10-20,Retro Sunset Cat,Wall Art,$28.00,$4.50,Full Price,Marketplace,Completed
2025-10-20,Spooky Season Ghost Squad,Hoodie,$45.00,$8.00,Full Price,Marketplace,Completed
2025-10-20,Book Dragon Hoarder,Hoodie,$45.00,$8.00,Full Price,Marketplace,Completed
2025-10-21,Retro Sunset Cat,T-Shirt,$24.00,$4.00,Full Price,Marketplace,Completed
2025-10-21,Coffee Then Chaos,T-Shirt,$24.00,$4.00,Full Price,Your Store Link,Completed
2025-10-21,Spooky Season Ghost Squad,Sticker,$4.00,$0.60,Full Price,Marketplace,Completed
2025-10-21,Spooky Season Ghost Squad,T-Shirt,$24.00,$4.00,Full Price,Your Store Link,Completed
2025-10-21,Pixel Art Mushroom,Sticker,$4.00,$0.60,Full Price,Marketplace,Completed
2025-10-21,Book Dragon Hoarder,T-Shirt,$24.00,$4.00,Full Price,Marketplace,Completed
2025-10-22,Retro Sunset Cat,Tank Top,$24.00,$4.00,Full Price,Marketplace,Completed
2025-10-22,Spooky Season Ghost Squad,Wall Art,$28.00,$4.50,Full Price,Marketplace,Completed
2025-10-22,Plant Mom Club,Sticker,$4.00,$0.60,Full Price,Marketplace,Completed
2025-10-22,Dad Joke Loading,T-Shirt,$24.00,$4.00,Full Price,Marketplace,Completed
2025-10-22,Ugly Sweater Llama,Phone Case,$22.00,$3.00,Full Price,Marketplace,Completed
2025-10-23,Retro Sunset Cat,T-Shirt,$24.00,$4.00,Full Price,Marketplace,Completed
2025-10-23,Coffee Then Chaos,Hoodie,$45.00,$8.00,Full Price,Marketplace,Completed
2025-10-23,Spooky Season Ghost Squad,T-Shirt,$24.00,$4.00,Full Price,Marketplace,Completed
2025-10-23,Spooky Season Ghost Squad,T-Shirt,$24.00,$4.00,Full Price,Your Store Link,Completed
2025-10-23,Plant Mom Club,Wall Art,$28.00,$4.50,Full Price,Your Store Link,Completed
2025-10-23,Book Dragon Hoarder,Sticker,$4.00,$0.60,Full Price,Your Store Link,Completed
2025-10-24,Retro Sunset Cat,Wall Art,$28.00,$4.50,Full Price,Marketplace,Completed
2025-10-24,Coffee Then Chaos,Sticker,$4.00,$0.60,Full Price,Marketplace,Completed
2025-10-24,Spooky Season Ghost Squad,Sticker,$4.00,$0.60,Full Price,Marketplace,Completed
2025-10-24,Spooky Season Ghost Squad,Sticker,$4.00,$0.60,Full Price,Marketplace,Completed
2025-10-24,Plant Mom Club,T-Shirt,$24.00,$4.00,Full Price,Marketplace,Completed
2025-10-24,Book Dragon Hoarder,Tank Top,$24.00,$4.00,Full Price,Marketplace,Completed
2025-10-25,Retro Sunset Cat,T-Shirt,$24.00,$4.00,Full Price,Marketplace,Completed
2025-10-25,Coffee Then Chaos,Sticker,$4.00,$0.60,Full Price,Marketplace,Completed
2025-10-25,Spooky Season Ghost Squad,Wall Art,$28.00,$4.50,Full Price,Your Store Link,Completed
2025-10-25,Spooky Season Ghost Squad,T-Shirt,$24.00,$4.00,Full Price,Marketplace,Completed
2025-10-25,Plant Mom Club,Sticker,$4.00,$0.60,Full Price,Marketplace,Completed
2025-10-25,Introverts Unite Separately,T-Shirt,$24.00,$4.00,Full Price,Marketplace,Completed
2025-10-25,Book Dragon Hoarder,T-Shirt,$24.00,$4.00,Full Price,Marketplace,Completed
2025-10-26,Retro Sunset Cat,T-Shirt,$24.00,$4.00,Full Price,Marketplace,Completed
2025-10-26,Retro Sunset Cat,Hoodie,$45.00,$8.00,Full Price,Marketplace,Completed
2025-10-26,Coffee Then Chaos,Mug,$16.00,$2.00,Full Price,Marketplace,Completed
2025-10-26,Spooky Season Ghost Squad,T-Shirt,$24.00,$4.00,Full Price,Marketplace,Completed
2025-10-26,Introverts Unite Separately,T-Shirt,$24.00,$4.00,Full Price,Marketplace,Completed
2025-10-26,Dad Joke Loading,T-Shirt,$24.00,$4.00,Full Price,Marketplace,Completed
2025-10-27,Retro Sunset Cat,T-Shirt,$24.00,$4.00,Full Price,Marketplace,Completed
2025-10-27,Retro Sunset Cat,T-Shirt,$24.00,$4.00,Full Price,Marketplace,Completed
2025-10-27,Coffee Then Chaos,T-Shirt,$24.00,$4.00,Full Price,Marketplace,Completed
2025-10-27,Spooky Season Ghost Squad,T-Shirt,$24.00,$4.00,Full Price,Marketplace,Completed
2025-10-27,Spooky Season Ghost Squad,Phone Case,$22.00,$3.00,Full Price,Your Store Link,Completed
2025-10-27,Plant Mom Club,Mug,$16.00,$2.00,Full Price,Marketplace,Completed
2025-10-27,Introverts Unite Separately,Phone Case,$22.00,$3.00,Full Price,Your Store Link,Completed
2025-10-27,Book Dragon Hoarder,T-Shirt,$24.00,$4.00,Full Price,Marketplace,Completed
2025-10-28,Retro Sunset Cat,Sticker,$4.00,$0.60,Full Price,Marketplace,Completed
2025-10-28,Coffee Then Chaos,Hoodie,$45.00,$8.00,Full Price,Your Store Link,Completed
2025-10-28,Spooky Season Ghost Squad,Sticker,$4.00,$0.60,Full Price,Marketplace,Completed
2025-10-28,Spooky Season Ghost Squad,Wall Art,$28.00,$4.50,Full Price,Marketplace,Completed
2025-10-28,Plant Mom Club,Sticker,$4.00,$0.60,Full Price,Marketplace,Completed
2025-10-28,Introverts Unite Separately,Hoodie,$45.00,$8.00,Full Price,Your Store Link,Completed
2025-10-28,Pixel Art Mushroom,Hoodie,$45.00,$8.00,Full Price,Marketplace,Completed
2025-10-29,Retro Sunset Cat,Hoodie,$45.00,$8.00,Full Price,Marketplace,Completed
2025-10-29,Spooky Season Ghost Squad,T-Shirt,$24.00,$4.00,Full Price,Marketplace,Completed
2025-10-30,Retro Sunset Cat,Mug,$16.00,$2.00,Full Price,Your Store Link,Completed
2025-10-30,Coffee Then Chaos,Sticker,$4.00,$0.60,Full Price,Marketplace,Completed
2025-10-30,Spooky Season Ghost Squad,T-Shirt,$24.00,$4.00,Full Price,Marketplace,Completed
2025-10-30,Spooky Season Ghost Squad,Wall Art,$28.00,$4.50,Full Price,Marketplace,Completed
2025-10-30,Plant Mom Club,T-Shirt,$24.00,$4.00,Full Price,Marketplace,Completed
2025-10-30,Introverts Unite Separately,T-Shirt,$24.00,$4.00,Full Price,Marketplace,Completed
2025-10-30,Pixel Art Mushroom,T-Shirt,$24.00,$4.00,Full Price,Marketplace,Completed
2025-10-30,Book Dragon Hoarder,T-Shirt,$24.00,$4.00,Full Price,Marketplace,Completed
2025-10-31,Retro Sunset Cat,Hoodie,$45.00,$8.00,Full Price,Marketplace,Completed
2025-10-31,Coffee Then Chaos,T-Shirt,$24.00,$4.00,Full Price,Marketplace,Completed
2025-10-31,Spooky Season Ghost Squad,Sticker,$4.00,$0.60,Full Price,Marketplace,Completed
2025-10-31,Spooky Season Ghost Squad,T-Shirt,$24.00,$4.00,Full Price,Your Store Link,Completed
2025-10-31,Plant Mom Club,Sticker,$4.00,$0.60,Full Price,Your Store Link,Completed
2025-10-31,Introverts Unite Separately,T-Shirt,$24.00,$4.00,Full Price,Your Store Link,Completed
2025-10-31,Book Dragon Hoarder,Wall Art,$28.00,$4.50,Full Price,Marketplace,Completed
2025-11-01,Retro Sunset Cat,T-Shirt,$24.00,$4.00,Full Price,Marketplace,Completed
2025-11-01,Retro Sunset Cat,Hoodie,$45.00,$8.00,Full Price,Marketplace,Completed
2025-11-01,Coffee Then Chaos,T-Shirt,$24.00,$4.00,Full Price,Marketplace,Completed
2025-11-01,Coffee Then Chaos,Sticker,$4.00,$0.60,Full Price,Marketplace,Completed
2025-11-01,Plant Mom Club,T-Shirt,$24.00,$-4.00,Full Price,Marketplace,Refunded
2025-11-01,Ugly Sweater Llama,T-Shirt,$24.00,$4.00,Full Price,Marketplace,Completed
2025-11-01,Book Dragon Hoarder,T-Shirt,$24.00,$4.00,Full Price,Your Store Link,Completed
2025-11-02,Retro Sunset Cat,T-Shirt,$24.00,$4.00,Full Price,Marketplace,Completed
2025-11-02,Coffee Then Chaos,T-Shirt,$24.00,$4.00,Full Price,Marketplace,Completed
2025-11-02,Plant Mom Club,T-Shirt,$24.00,$4.00,Full Price,Marketplace,Completed
2025-11-02,Introverts Unite Separately,T-Shirt,$24.00,$4.00,Full Price,Marketplace,Completed
2025-11-02,Pixel Art Mushroom,Hoodie,$45.00,$8.00,Full Price,Marketplace,Completed
2025-11-02,Ugly Sweater Llama,Wall Art,$28.00,$4.50,Full Price,Marketplace,Completed
2025-11-02,Book Dragon Hoarder,T-Shirt,$24.00,$4.00,Full Price,Marketplace,Completed
2025-11-03,Retro Sunset Cat,T-Shirt,$24.00,$4.00,Full Price,Marketplace,Completed
2025-11-03,Coffee Then Chaos,T-Shirt,$24.00,$4.00,Full Price,Marketplace,Completed
2025-11-03,Plant Mom Club,T-Shirt,$24.00,$4.00,Full Price,Marketplace,Completed
2025-11-03,Introverts Unite Separately,T-Shirt,$24.00,$4.00,Full Price,Marketplace,Completed
2025-11-03,Dad Joke Loading,Phone Case,$22.00,$3.00,Full Price,Marketplace,Completed
2025-11-03,Pixel Art Mushroom,Mug,$16.00,$2.00,Full Price,Marketplace,Completed
2025-11-03,Ugly Sweater Llama,Sticker,$4.00,$0.60,Full Price,Marketplace,Completed
2025-11-03,Book Dragon Hoarder,Mug,$16.00,$2.00,Full Price,Marketplace,Completed
2025-11-04,Retro Sunset Cat,T-Shirt,$24.00,$4.00,Full Price,Marketplace,Completed
2025-11-04,Retro Sunset Cat,T-Shirt,$24.00,$4.00,Full Price,Your Store Link,Completed
2025-11-04,Coffee Then Chaos,Sticker,$4.00,$0.60,Full Price,Marketplace,Completed
2025-11-04,Plant Mom Club,T-Shirt,$24.00,$4.00,Full Price,Marketplace,Completed
2025-11-04,Ugly Sweater Llama,Sticker,$4.00,$0.60,Full Price,Marketplace,Completed
2025-11-04,Book Dragon Hoarder,Sticker,$4.00,$0.60,Full Price,Marketplace,Completed
2025-11-05,Retro Sunset Cat,Mug,$16.00,$2.00,Full Price,Marketplace,Completed
2025-11-05,Retro Sunset Cat,T-Shirt,$24.00,$4.00,Full Price,Marketplace,Completed
2025-11-05,Coffee Then Chaos,T-Shirt,$24.00,$4.00,Full Price,Marketplace,Completed
2025-11-05,Introverts Unite Separately,Hoodie,$45.00,$8.00,Full Price,Marketplace,Completed
2025-11-05,Ugly Sweater Llama,T-Shirt,$24.00,$4.00,Full Price,Marketplace,Completed
2025-11-06,Retro Sunset Cat,Phone Case,$22.00,$3.00,Full Price,Marketplace,Completed
2025-11-06,Retro Sunset Cat,T-Shirt,$24.00,$4.00,Full Price,Your Store Link,Completed
2025-11-06,Coffee Then Chaos,Sticker,$4.00,$0.60,Full Price,Marketplace,Completed
2025-11-06,Ugly Sweater Llama,Mug,$16.00,$2.00,Full Price,Marketplace,Completed
2025-11-06,Book Dragon Hoarder,Sticker,$4.00,$0.60,Full Price,Marketplace,Completed
2025-11-07,Retro Sunset Cat,T-Shirt,$24.00,$4.00,Full Price,Marketplace,Completed
2025-11-07,Coffee Then Chaos,Phone Case,$22.00,$3.00,Full Price,Marketplace,Completed
2025-11-07,Plant Mom Club,T-Shirt,$24.00,$4.00,Full Price,Marketplace,Completed
2025-11-07,Introverts Unite Separately,T-Shirt,$24.00,$4.00,Full Price,Marketplace,Completed
2025-11-07,Dad Joke Loading,Sticker,$4.00,$0.60,Full Price,Marketplace,Completed
2025-11-07,Pixel Art Mushroom,Sticker,$4.00,$0.60,Full Price,Marketplace,Completed
2025-11-07,Ugly Sweater Llama,Sticker,$4.00,$0.60,Full Price,Marketplace,Completed
2025-11-08,Retro Sunset Cat,T-Shirt,$24.00,$4.00,Full Price,Marketplace,Completed
2025-11-08,Retro Sunset Cat,Hoodie,$45.00,$8.00,Full Price,Marketplace,Completed
2025-11-08,Coffee Then Chaos,Mug,$16.00,$2.00,Full Price,Your Store Link,Completed
2025-11-08,Plant Mom Club,Tank Top,$24.00,$4.00,Full Price,Marketplace,Completed
2025-11-08,Introverts Unite Separately,Tank Top,$24.00,$4.00,Full Price,Marketplace,Completed
2025-11-08,Ugly Sweater Llama,Sticker,$4.00,$0.60,Full Price,Marketplace,Completed
2025-11-08,Book Dragon Hoarder,T-Shirt,$24.00,$4.00,Full Price,Marketplace,Completed
2025-11-09,Retro Sunset Cat,T-Shirt,$24.00,$4.00,Full Price,Marketplace,Completed
2025-11-09,Retro Sunset Cat,Sticker,$4.00,$0.60,Full Price,Marketplace,Completed
2025-11-09,Coffee Then Chaos,T-Shirt,$24.00,$4.00,Full Price,Marketplace,Completed
2025-11-09,Plant Mom Club,Tank Top,$24.00,$4.00,Full Price,Marketplace,Completed
2025-11-09,Introverts Unite Separately,Hoodie,$45.00,$8.00,Full Price,Marketplace,Completed
2025-11-09,Dad Joke Loading,Mug,$16.00,$2.00,Full Price,Marketplace,Completed
2025-11-09,Ugly Sweater Llama,T-Shirt,$24.00,$4.00,Full Price,Marketplace,Completed
2025-11-09,Ugly Sweater Llama,T-Shirt,$24.00,$4.00,Full Price,Your Store Link,Completed
2025-11-09,Book Dragon Hoarder,T-Shirt,$24.00,$4.00,Full Price,Marketplace,Completed
2025-11-10,Retro Sunset Cat,Tank Top,$24.00,$4.00,Full Price,Marketplace,Completed
2025-11-10,Retro Sunset Cat,Phone Case,$22.00,$3.00,Full Price,Your Store Link,Completed
2025-11-10,Coffee Then Chaos,T-Shirt,$24.00,$4.00,Full Price,Your Store Link,Completed
2025-11-10,Spooky Season Ghost Squad,Mug,$16.00,$2.00,Full Price,Marketplace,Completed
2025-11-10,Plant Mom Club,Tank Top,$24.00,$4.00,Full Price,Your Store Link,Completed
2025-11-10,Introverts Unite Separately,T-Shirt,$24.00,$4.00,Full Price,Your Store Link,Completed
2025-11-10,Dad Joke Loading,Hoodie,$45.00,$8.00,Full Price,Marketplace,Completed
2025-11-10,Ugly Sweater Llama,T-Shirt,$24.00,$4.00,Full Price,Marketplace,Completed
2025-11-10,Book Dragon Hoarder,T-Shirt,$24.00,$4.00,Full Price,Marketplace,Completed
2025-11-11,Retro Sunset Cat,T-Shirt,$24.00,$4.00,Full Price,Marketplace,Completed
2025-11-11,Coffee Then Chaos,Mug,$16.00,$2.00,Full Price,Marketplace,Completed
2025-11-11,Plant Mom Club,T-Shirt,$24.00,$4.00,Full Price,Marketplace,Completed
2025-11-11,Introverts Unite Separately,T-Shirt,$24.00,$4.00,Full Price,Marketplace,Completed
2025-11-11,Ugly Sweater Llama,Sticker,$4.00,$0.60,Full Price,Marketplace,Completed
2025-11-11,Book Dragon Hoarder,T-Shirt,$24.00,$4.00,Full Price,Marketplace,Completed
2025-11-12,Retro Sunset Cat,Hoodie,$45.00,$8.00,Full Price,Marketplace,Completed
2025-11-12,Retro Sunset Cat,Sticker,$4.00,$0.60,Full Price,Marketplace,Completed
2025-11-12,Coffee Then Chaos,T-Shirt,$24.00,$4.00,Full Price,Marketplace,Completed
2025-11-12,Introverts Unite Separately,T-Shirt,$24.00,$4.00,Full Price,Marketplace,Completed
2025-11-12,Dad Joke Loading,Sticker,$4.00,$0.60,Full Price,Marketplace,Completed
2025-11-12,Ugly Sweater Llama,Hoodie,$45.00,$8.00,Full Price,Marketplace,Completed
2025-11-12,Book Dragon Hoarder,Hoodie,$45.00,$8.00,Full Price,Marketplace,Completed
2025-11-13,Retro Sunset Cat,T-Shirt,$24.00,$4.00,Full Price,Marketplace,Completed
2025-11-13,Retro Sunset Cat,Mug,$16.00,$2.00,Full Price,Marketplace,Completed
2025-11-13,Coffee Then Chaos,Sticker,$4.00,$0.60,Full Price,Marketplace,Completed
2025-11-13,Plant Mom Club,Sticker,$4.00,$0.60,Full Price,Your Store Link,Completed
2025-11-13,Introverts Unite Separately,T-Shirt,$24.00,$4.00,Full Price,Marketplace,Completed
2025-11-13,Dad Joke Loading,T-Shirt,$24.00,$4.00,Full Price,Marketplace,Completed
2025-11-13,Ugly Sweater Llama,Sticker,$4.00,$0.60,Full Price,Marketplace,Completed
2025-11-13,Book Dragon Hoarder,T-Shirt,$24.00,$4.00,Full Price,Marketplace,Completed
2025-11-14,Retro Sunset Cat,Sticker,$4.00,$0.60,Full Price,Marketplace,Completed
2025-11-14,Coffee Then Chaos,Mug,$16.00,$2.00,Full Price,Marketplace,Completed
2025-11-14,Coffee Then Chaos,T-Shirt,$24.00,$4.00,Full Price,Marketplace,Completed
2025-11-14,Plant Mom Club,T-Shirt,$24.00,$4.00,Full Price,Marketplace,Completed
2025-11-14,Dad Joke Loading,T-Shirt,$24.00,$4.00,Full Price,Marketplace,Completed
2025-11-14,Pixel Art Mushroom,T-Shirt,$24.00,$4.00,Full Price,Marketplace,Completed
2025-11-14,Ugly Sweater Llama,Tank Top,$24.00,$4.00,Full Price,Marketplace,Completed
2025-11-14,Book Dragon Hoarder,T-Shirt,$24.00,$4.00,Full Price,Marketplace,Completed
2025-11-15,Retro Sunset Cat,Hoodie,$45.00,$8.00,Full Price,Marketplace,Completed
2025-11-15,Coffee Then Chaos,Sticker,$4.00,$0.60,Full Price,Marketplace,Completed
2025-11-15,Plant Mom Club,T-Shirt,$24.00,$4.00,Full Price,Your Store Link,Completed
2025-11-15,Introverts Unite Separately,T-Shirt,$24.00,$4.00,Full Price,Marketplace,Completed
2025-11-15,Dad Joke Loading,Hoodie,$45.00,$8.00,Full Price,Your Store Link,Completed
2025-11-15,Ugly Sweater Llama,T-Shirt,$24.00,$4.00,Full Price,Marketplace,Completed
2025-11-16,Retro Sunset Cat,T-Shirt,$24.00,$4.00,Full Price,Marketplace,Completed
2025-11-16,Retro Sunset Cat,T-Shirt,$24.00,$4.00,Full Price,Marketplace,Completed
2025-11-16,Coffee Then Chaos,T-Shirt,$24.00,$4.00,Full Price,Marketplace,Completed
2025-11-16,Introverts Unite Separately,T-Shirt,$24.00,$4.00,Full Price,Marketplace,Completed
2025-11-16,Dad Joke Loading,T-Shirt,$24.00,$4.00,Full Price,Marketplace,Completed
2025-11-16,Pixel Art Mushroom,T-Shirt,$24.00,$4.00,Full Price,Your Store Link,Completed
2025-11-16,Ugly Sweater Llama,T-Shirt,$24.00,$4.00,Full Price,Marketplace,Completed
2025-11-16,Book Dragon Hoarder,Hoodie,$45.00,$8.00,Full Price,Marketplace,Completed
2025-11-17,Retro Sunset Cat,T-Shirt,$24.00,$4.00,Full Price,Marketplace,Completed
2025-11-17,Retro Sunset Cat,Tank Top,$24.00,$4.00,Full Price,Marketplace,Completed
2025-11-17,Coffee Then Chaos,T-Shirt,$24.00,$4.00,Full Price,Marketplace,Completed
2025-11-17,Spooky Season Ghost Squad,T-Shirt,$24.00,$4.00,Full Price,Marketplace,Completed
2025-11-17,Plant Mom Club,T-Shirt,$24.00,$4.00,Full Price,Marketplace,Completed
2025-11-17,Dad Joke Loading,Hoodie,$45.00,$8.00,Full Price,Marketplace,Completed
2025-11-17,Pixel Art Mushroom,T-Shirt,$24.00,$4.00,Full Price,Marketplace,Completed
2025-11-17,Ugly Sweater Llama,Tank Top,$24.00,$4.00,Full Price,Marketplace,Completed
2025-11-17,Book Dragon Hoarder,T-Shirt,$24.00,$4.00,Full Price,Marketplace,Completed
2025-11-18,Retro Sunset Cat,Sticker,$4.00,$0.60,Full Price,Marketplace,Completed
2025-11-18,Coffee Then Chaos,Sticker,$4.00,$0.60,Full Price,Your Store Link,Completed
2025-11-18,Plant Mom Club,Phone Case,$22.00,$3.00,Full Price,Your Store Link,Completed
2025-11-18,Introverts Unite Separately,T-Shirt,$24.00,$4.00,Full Price,Marketplace,Completed
2025-11-18,Dad Joke Loading,T-Shirt,$24.00,$4.00,Full Price,Marketplace,Completed
2025-11-18,Pixel Art Mushroom,T-Shirt,$24.00,$4.00,Full Price,Marketplace,Completed
2025-11-18,Ugly Sweater Llama,Sticker,$4.00,$0.60,Full Price,Marketplace,Completed
2025-11-18,Book Dragon Hoarder,T-Shirt,$24.00,$4.00,Full Price,Marketplace,Completed
2025-11-19,Retro Sunset Cat,Sticker,$4.00,$0.60,Full Price,Marketplace,Completed
2025-11-19,Coffee Then Chaos,T-Shirt,$24.00,$4.00,Full Price,Marketplace,Completed
2025-11-19,Spooky Season Ghost Squad,T-Shirt,$24.00,$4.00,Full Price,Marketplace,Completed
2025-11-19,Plant Mom Club,T-Shirt,$24.00,$4.00,Full Price,Marketplace,Completed
2025-11-19,Pixel Art Mushroom,Sticker,$4.00,$0.60,Full Price,Marketplace,Completed
2025-11-19,Ugly Sweater Llama,Phone Case,$22.00,$3.00,Full Price,Marketplace,Completed
2025-11-20,Retro Sunset Cat,Sticker,$4.00,$0.60,Full Price,Marketplace,Completed
2025-11-20,Coffee Then Chaos,T-Shirt,$24.00,$4.00,Full Price,Marketplace,Completed
2025-11-20,Introverts Unite Separately,T-Shirt,$24.00,$4.00,Full Price,Marketplace,Completed
2025-11-20,Dad Joke Loading,Wall Art,$28.00,$4.50,Full Price,Marketplace,Completed
2025-11-20,Pixel Art Mushroom,Hoodie,$45.00,$-8.00,Full Price,Marketplace,Refunded
2025-11-20,Ugly Sweater Llama,T-Shirt,$24.00,$4.00,Full Price,Marketplace,Completed
2025-11-21,Retro Sunset Cat,Sticker,$4.00,$0.60,Full Price,Marketplace,Completed
2025-11-21,Coffee Then Chaos,T-Shirt,$24.00,$4.00,Full Price,Marketplace,Completed
2025-11-21,Plant Mom Club,Hoodie,$45.00,$8.00,Full Price,Marketplace,Completed
2025-11-21,Dad Joke Loading,Sticker,$4.00,$0.60,Full Price,Marketplace,Completed
2025-11-21,Pixel Art Mushroom,T-Shirt,$24.00,$4.00,Full Price,Marketplace,Completed
2025-11-21,Ugly Sweater Llama,T-Shirt,$24.00,$4.00,Full Price,Marketplace,Completed
2025-11-21,Book Dragon Hoarder,T-Shirt,$24.00,$4.00,Full Price,Marketplace,Completed
2025-11-22,Retro Sunset Cat,Hoodie,$45.00,$8.00,Full Price,Marketplace,Completed
2025-11-22,Retro Sunset Cat,Hoodie,$45.00,$8.00,Full Price,Marketplace,Completed
2025-11-22,Coffee Then Chaos,Tank Top,$24.00,$4.00,Full Price,Marketplace,Completed
2025-11-22,Plant Mom Club,T-Shirt,$24.00,$4.00,Full Price,Marketplace,Completed
2025-11-22,Dad Joke Loading,T-Shirt,$24.00,$4.00,Full Price,Marketplace,Completed
2025-11-22,Ugly Sweater Llama,T-Shirt,$24.00,$4.00,Full Price,Marketplace,Completed
2025-11-23,Retro Sunset Cat,T-Shirt,$24.00,$4.00,Full Price,Marketplace,Completed
2025-11-23,Coffee Then Chaos,T-Shirt,$24.00,$4.00,Full Price,Marketplace,Completed
2025-11-23,Introverts Unite Separately,Hoodie,$45.00,$8.00,Full Price,Marketplace,Completed
2025-11-23,Dad Joke Loading,Phone Case,$22.00,$3.00,Full Price,Your Store Link,Completed
2025-11-23,Ugly Sweater Llama,T-Shirt,$24.00,$4.00,Full Price,Marketplace,Completed
2025-11-24,Retro Sunset Cat,T-Shirt,$14.40,$2.00,Sale,Marketplace,Completed
2025-11-24,Retro Sunset Cat,T-Shirt,$14.40,$2.00,Sale,Marketplace,Completed
2025-11-24,Retro Sunset Cat,Mug,$9.60,$1.00,Sale,Marketplace,Completed
2025-11-24,Retro Sunset Cat,T-Shirt,$14.40,$2.00,Sale,Marketplace,Completed
2025-11-24,Coffee Then Chaos,T-Shirt,$14.40,$2.00,Sale,Marketplace,Completed
2025-11-24,Coffee Then Chaos,Mug,$9.60,$1.00,Sale,Marketplace,Completed
2025-11-24,Spooky Season Ghost Squad,Phone Case,$13.20,$1.50,Sale,Marketplace,Completed
2025-11-24,Plant Mom Club,T-Shirt,$14.40,$2.00,Sale,Marketplace,Completed
2025-11-24,Plant Mom Club,T-Shirt,$14.40,$2.00,Sale,Marketplace,Completed
2025-11-24,Plant Mom Club,T-Shirt,$14.40,$2.00,Sale,Marketplace,Completed
2025-11-24,Introverts Unite Separately,T-Shirt,$14.40,$2.00,Sale,Marketplace,Completed
2025-11-24,Introverts Unite Separately,T-Shirt,$14.40,$2.00,Sale,Marketplace,Completed
2025-11-24,Dad Joke Loading,Wall Art,$16.80,$2.25,Sale,Marketplace,Completed
2025-11-24,Pixel Art Mushroom,T-Shirt,$14.40,$2.00,Sale,Marketplace,Completed
2025-11-24,Ugly Sweater Llama,Sticker,$2.40,$0.30,Sale,Marketplace,Completed
2025-11-24,Ugly Sweater Llama,T-Shirt,$14.40,$2.00,Sale,Your Store Link,Completed
2025-11-24,Ugly Sweater Llama,Wall Art,$16.80,$2.25,Sale,Marketplace,Completed
2025-11-24,Book Dragon Hoarder,T-Shirt,$14.40,$2.00,Sale,Marketplace,Completed
2025-11-25,Retro Sunset Cat,T-Shirt,$14.40,$2.00,Sale,Marketplace,Completed
2025-11-25,Retro Sunset Cat,T-Shirt,$14.40,$2.00,Sale,Marketplace,Completed
2025-11-25,Retro Sunset Cat,T-Shirt,$14.40,$2.00,Sale,Your Store Link,Completed
2025-11-25,Retro Sunset Cat,Sticker,$2.40,$0.30,Sale,Marketplace,Completed
2025-11-25,Coffee Then Chaos,T-Shirt,$14.40,$2.00,Sale,Marketplace,Completed
2025-11-25,Coffee Then Chaos,Hoodie,$27.00,$4.00,Sale,Your Store Link,Completed
2025-11-25,Coffee Then Chaos,Phone Case,$13.20,$1.50,Sale,Marketplace,Completed
2025-11-25,Spooky Season Ghost Squad,Tank Top,$14.40,$2.00,Sale,Marketplace,Completed
2025-11-25,Plant Mom Club,T-Shirt,$14.40,$2.00,Sale,Marketplace,Completed
2025-11-25,Plant Mom Club,Mug,$9.60,$1.00,Sale,Marketplace,Completed
2025-11-25,Introverts Unite Separately,T-Shirt,$14.40,$2.00,Sale,Your Store Link,Completed
2025-11-25,Introverts Unite Separately,T-Shirt,$14.40,$2.00,Sale,Marketplace,Completed
2025-11-25,Dad Joke Loading,Hoodie,$27.00,$4.00,Sale,Marketplace,Completed
2025-11-25,Dad Joke Loading,T-Shirt,$14.40,$2.00,Sale,Marketplace,Completed
2025-11-25,Pixel Art Mushroom,T-Shirt,$14.40,$2.00,Sale,Marketplace,Completed
2025-11-25,Ugly Sweater Llama,T-Shirt,$14.40,$2.00,Sale,Marketplace,Completed
2025-11-25,Ugly Sweater Llama,T-Shirt,$14.40,$2.00,Sale,Your Store Link,Completed
2025-11-25,Ugly Sweater Llama,Hoodie,$27.00,$4.00,Sale,Marketplace,Completed
2025-11-25,Book Dragon Hoarder,Wall Art,$16.80,$2.25,Sale,Marketplace,Completed
2025-11-25,Book Dragon Hoarder,Hoodie,$27.00,$4.00,Sale,Marketplace,Completed
2025-11-26,Retro Sunset Cat,Phone Case,$13.20,$1.50,Sale,Marketplace,Completed
2025-11-26,Retro Sunset Cat,T-Shirt,$14.40,$2.00,Sale,Your Store Link,Completed
2025-11-26,Retro Sunset Cat,Sticker,$2.40,$0.30,Sale,Marketplace,Completed
2025-11-26,Retro Sunset Cat,T-Shirt,$14.40,$2.00,Sale,Marketplace,Completed
2025-11-26,Coffee Then Chaos,Sticker,$2.40,$0.30,Sale,Marketplace,Completed
2025-11-26,Coffee Then Chaos,T-Shirt,$14.40,$2.00,Sale,Marketplace,Completed
2025-11-26,Coffee Then Chaos,T-Shirt,$14.40,$2.00,Sale,Marketplace,Completed
2025-11-26,Spooky Season Ghost Squad,T-Shirt,$14.40,$2.00,Sale,Marketplace,Completed
2025-11-26,Plant Mom Club,T-Shirt,$14.40,$2.00,Sale,Marketplace,Completed
2025-11-26,Plant Mom Club,Sticker,$2.40,$0.30,Sale,Marketplace,Completed
2025-11-26,Introverts Unite Separately,T-Shirt,$14.40,$2.00,Sale,Your Store Link,Completed
2025-11-26,Introverts Unite Separately,T-Shirt,$14.40,$2.00,Sale,Marketplace,Completed
2025-11-26,Dad Joke Loading,Tank Top,$14.40,$2.00,Sale,Marketplace,Completed
2025-11-26,Pixel Art Mushroom,T-Shirt,$14.40,$2.00,Sale,Marketplace,Completed
2025-11-26,Ugly Sweater Llama,Mug,$9.60,$1.00,Sale,Marketplace,Completed
2025-11-26,Ugly Sweater Llama,Wall Art,$16.80,$2.25,Sale,Marketplace,Completed
2025-11-26,Book Dragon Hoarder,T-Shirt,$14.40,$2.00,Sale,Marketplace,Completed
2025-11-27,Retro Sunset Cat,Tank Top,$14.40,$2.00,Sale,Marketplace,Completed
2025-11-27,Retro Sunset Cat,Sticker,$2.40,$0.30,Sale,Marketplace,Completed
2025-11-27,Retro Sunset Cat,Mug,$9.60,$1.00,Sale,Marketplace,Completed
2025-11-27,Retro Sunset Cat,Mug,$9.60,$1.00,Sale,Your Store Link,Completed
2025-11-27,Coffee Then Chaos,Tank Top,$14.40,$2.00,Sale,Marketplace,Completed
2025-11-27,Coffee Then Chaos,T-Shirt,$14.40,$2.00,Sale,Marketplace,Completed
2025-11-27,Coffee Then Chaos,T-Shirt,$14.40,$2.00,Sale,Your Store Link,Completed
2025-11-27,Spooky Season Ghost Squad,T-Shirt,$14.40,$2.00,Sale,Marketplace,Completed
2025-11-27,Plant Mom Club,Tank Top,$14.40,$2.00,Sale,Marketplace,Completed
2025-11-27,Plant Mom Club,T-Shirt,$14.40,$2.00,Sale,Marketplace,Completed
2025-11-27,Introverts Unite Separately,T-Shirt,$14.40,$2.00,Sale,Marketplace,Completed
2025-11-27,Dad Joke Loading,T-Shirt,$14.40,$2.00,Sale,Marketplace,Completed
2025-11-27,Dad Joke Loading,T-Shirt,$14.40,$2.00,Sale,Marketplace,Completed
2025-11-27,Pixel Art Mushroom,T-Shirt,$14.40,$2.00,Sale,Marketplace,Completed
2025-11-27,Ugly Sweater Llama,T-Shirt,$14.40,$2.00,Sale,Your Store Link,Completed
2025-11-27,Ugly Sweater Llama,T-Shirt,$14.40,$2.00,Sale,Marketplace,Completed
2025-11-27,Ugly Sweater Llama,Hoodie,$27.00,$4.00,Sale,Marketplace,Completed
2025-11-27,Book Dragon Hoarder,T-Shirt,$14.40,$2.00,Sale,Marketplace,Completed
2025-11-27,Book Dragon Hoarder,T-Shirt,$14.40,$2.00,Sale,Marketplace,Completed
2025-11-28,Retro Sunset Cat,Sticker,$2.40,$0.30,Sale,Your Store Link,Completed
2025-11-28,Retro Sunset Cat,Hoodie,$27.00,$4.00,Sale,Marketplace,Completed
2025-11-28,Retro Sunset Cat,T-Shirt,$14.40,$2.00,Sale,Your Store Link,Completed
2025-11-28,Retro Sunset Cat,Mug,$9.60,$1.00,Sale,Marketplace,Completed
2025-11-28,Coffee Then Chaos,T-Shirt,$14.40,$2.00,Sale,Marketplace,Completed
2025-11-28,Coffee Then Chaos,T-Shirt,$14.40,$2.00,Sale,Marketplace,Completed
2025-11-28,Coffee Then Chaos,T-Shirt,$14.40,$2.00,Sale,Marketplace,Completed
2025-11-28,Spooky Season Ghost Squad,Hoodie,$27.00,$4.00,Sale,Marketplace,Completed
2025-11-28,Plant Mom Club,T-Shirt,$14.40,$2.00,Sale,Your Store Link,Completed
2025-11-28,Plant Mom Club,T-Shirt,$14.40,$2.00,Sale,Marketplace,Completed
2025-11-28,Introverts Unite Separately,Sticker,$2.40,$0.30,Sale,Marketplace,Completed
2025-11-28,Dad Joke Loading,T-Shirt,$14.40,$2.00,Sale,Marketplace,Completed
2025-11-28,Pixel Art Mushroom,Sticker,$2.40,$0.30,Sale,Marketplace,Completed
2025-11-28,Ugly Sweater Llama,T-Shirt,$14.40,$2.00,Sale,Marketplace,Completed
2025-11-28,Ugly Sweater Llama,T-Shirt,$14.40,$2.00,Sale,Marketplace,Completed
2025-11-28,Book Dragon Hoarder,Sticker,$2.40,$0.30,Sale,Your Store Link,Completed
2025-11-29,Retro Sunset Cat,T-Shirt,$14.40,$2.00,Sale,Marketplace,Completed
2025-11-29,Retro Sunset Cat,Hoodie,$27.00,$4.00,Sale,Your Store Link,Completed
2025-11-29,Retro Sunset Cat,T-Shirt,$14.40,$2.00,Sale,Marketplace,Completed
2025-11-29,Coffee Then Chaos,Wall Art,$16.80,$2.25,Sale,Marketplace,Completed
2025-11-29,Coffee Then Chaos,T-Shirt,$14.40,$2.00,Sale,Marketplace,Completed
2025-11-29,Coffee Then Chaos,T-Shirt,$14.40,$2.00,Sale,Marketplace,Completed
2025-11-29,Spooky Season Ghost Squad,Hoodie,$27.00,$4.00,Sale,Marketplace,Completed
2025-11-29,Plant Mom Club,Hoodie,$27.00,$4.00,Sale,Marketplace,Completed
2025-11-29,Plant Mom Club,T-Shirt,$14.40,$2.00,Sale,Your Store Link,Completed
2025-11-29,Introverts Unite Separately,T-Shirt,$14.40,$2.00,Sale,Marketplace,Completed
2025-11-29,Dad Joke Loading,T-Shirt,$14.40,$2.00,Sale,Marketplace,Completed
2025-11-29,Pixel Art Mushroom,T-Shirt,$14.40,$2.00,Sale,Marketplace,Completed
2025-11-29,Ugly Sweater Llama,Sticker,$2.40,$0.30,Sale,Marketplace,Completed
2025-11-29,Ugly Sweater Llama,T-Shirt,$14.40,$2.00,Sale,Marketplace,Completed
2025-11-29,Ugly Sweater Llama,T-Shirt,$14.40,$2.00,Sale,Marketplace,Completed
2025-11-29,Book Dragon Hoarder,Mug,$9.60,$1.00,Sale,Marketplace,Completed
2025-11-29,Book Dragon Hoarder,T-Shirt,$14.40,$2.00,Sale,Your Store Link,Completed
2025-11-30,Retro Sunset Cat,Sticker,$2.40,$0.30,Sale,Your Store Link,Completed
2025-11-30,Retro Sunset Cat,T-Shirt,$14.40,$2.00,Sale,Marketplace,Completed
2025-11-30,Retro Sunset Cat,Mug,$9.60,$1.00,Sale,Marketplace,Completed
2025-11-30,Retro Sunset Cat,T-Shirt,$14.40,$2.00,Sale,Marketplace,Completed
2025-11-30,Coffee Then Chaos,T-Shirt,$14.40,$2.00,Sale,Your Store Link,Completed
2025-11-30,Coffee Then Chaos,Mug,$9.60,$1.00,Sale,Marketplace,Completed
2025-11-30,Coffee Then Chaos,T-Shirt,$14.40,$2.00,Sale,Marketplace,Completed
2025-11-30,Plant Mom Club,T-Shirt,$14.40,$2.00,Sale,Marketplace,Completed
2025-11-30,Plant Mom Club,Phone Case,$13.20,$1.50,Sale,Marketplace,Completed
2025-11-30,Introverts Unite Separately,T-Shirt,$14.40,$2.00,Sale,Marketplace,Completed
2025-11-30,Dad Joke Loading,T-Shirt,$14.40,$2.00,Sale,Marketplace,Completed
2025-11-30,Dad Joke Loading,T-Shirt,$14.40,$2.00,Sale,Marketplace,Completed
2025-11-30,Pixel Art Mushroom,Mug,$9.60,$1.00,Sale,Marketplace,Completed
2025-11-30,Pixel Art Mushroom,Sticker,$2.40,$0.30,Sale,Marketplace,Completed
2025-11-30,Ugly Sweater Llama,T-Shirt,$14.40,$2.00,Sale,Marketplace,Completed
2025-11-30,Ugly Sweater Llama,T-Shirt,$14.40,$2.00,Sale,Marketplace,Completed
2025-11-30,Ugly Sweater Llama,T-Shirt,$14.40,$2.00,Sale,Marketplace,Completed
2025-11-30,Book Dragon Hoarder,Sticker,$2.40,$0.30,Sale,Your Store Link,Completed
2025-11-30,Book Dragon Hoarder,Sticker,$2.40,$0.30,Sale,Marketplace,Completed
2025-12-01,Retro Sunset Cat,Sticker,$2.40,$0.30,Sale,Marketplace,Completed
2025-12-01,Retro Sunset Cat,Sticker,$2.40,$0.30,Sale,Marketplace,Completed
2025-12-01,Retro Sunset Cat,T-Shirt,$14.40,$2.00,Sale,Marketplace,Completed
2025-12-01,Retro Sunset Cat,Mug,$9.60,$1.00,Sale,Marketplace,Completed
2025-12-01,Coffee Then Chaos,T-Shirt,$14.40,$2.00,Sale,Marketplace,Completed
2025-12-01,Coffee Then Chaos,Wall Art,$16.80,$2.25,Sale,Marketplace,Completed
2025-12-01,Coffee Then Chaos,T-Shirt,$14.40,$2.00,Sale,Marketplace,Completed
2025-12-01,Spooky Season Ghost Squad,T-Shirt,$14.40,$2.00,Sale,Marketplace,Completed
2025-12-01,Plant Mom Club,Sticker,$2.40,$0.30,Sale,Your Store Link,Completed
2025-12-01,Plant Mom Club,T-Shirt,$14.40,$2.00,Sale,Your Store Link,Completed
2025-12-01,Introverts Unite Separately,T-Shirt,$14.40,$2.00,Sale,Marketplace,Completed
2025-12-01,Introverts Unite Separately,Sticker,$2.40,$0.30,Sale,Your Store Link,Completed
2025-12-01,Dad Joke Loading,Mug,$9.60,$1.00,Sale,Marketplace,Completed
2025-12-01,Dad Joke Loading,T-Shirt,$14.40,$2.00,Sale,Marketplace,Completed
2025-12-01,Dad Joke Loading,T-Shirt,$14.40,$2.00,Sale,Marketplace,Completed
2025-12-01,Pixel Art Mushroom,T-Shirt,$14.40,$2.00,Sale,Marketplace,Completed
2025-12-01,Pixel Art Mushroom,Sticker,$2.40,$0.30,Sale,Marketplace,Completed
2025-12-01,Ugly Sweater Llama,Phone Case,$13.20,$1.50,Sale,Marketplace,Completed
2025-12-01,Ugly Sweater Llama,T-Shirt,$14.40,$2.00,Sale,Marketplace,Completed
2025-12-01,Ugly Sweater Llama,Mug,$9.60,$1.00,Sale,Marketplace,Completed
2025-12-01,Ugly Sweater Llama,T-Shirt,$14.40,$2.00,Sale,Marketplace,Completed
2025-12-01,Book Dragon Hoarder,Sticker,$2.40,$0.30,Sale,Your Store Link,Completed
2025-12-01,Book Dragon Hoarder,Hoodie,$27.00,$4.00,Sale,Marketplace,Completed
2025-12-02,Retro Sunset Cat,Hoodie,$27.00,$4.00,Sale,Marketplace,Completed
2025-12-02,Retro Sunset Cat,T-Shirt,$14.40,$2.00,Sale,Marketplace,Completed
2025-12-02,Retro Sunset Cat,T-Shirt,$14.40,$2.00,Sale,Marketplace,Completed
2025-12-02,Retro Sunset Cat,T-Shirt,$14.40,$2.00,Sale,Marketplace,Completed
2025-12-02,Coffee Then Chaos,Sticker,$2.40,$0.30,Sale,Marketplace,Completed
2025-12-02,Coffee Then Chaos,T-Shirt,$14.40,$2.00,Sale,Marketplace,Completed
2025-12-02,Coffee Then Chaos,T-Shirt,$14.40,$2.00,Sale,Marketplace,Completed
2025-12-02,Spooky Season Ghost Squad,T-Shirt,$14.40,$2.00,Sale,Marketplace,Completed
2025-12-02,Plant Mom Club,T-Shirt,$14.40,$2.00,Sale,Marketplace,Completed
2025-12-02,Plant Mom Club,Wall Art,$16.80,$2.25,Sale,Your Store Link,Completed
2025-12-02,Introverts Unite Separately,T-Shirt,$14.40,$2.00,Sale,Marketplace,Completed
2025-12-02,Introverts Unite Separately,T-Shirt,$14.40,$2.00,Sale,Marketplace,Completed
2025-12-02,Dad Joke Loading,Sticker,$2.40,$0.30,Sale,Marketplace,Completed
2025-12-02,Dad Joke Loading,T-Shirt,$14.40,$2.00,Sale,Your Store Link,Completed
2025-12-02,Pixel Art Mushroom,T-Shirt,$14.40,$2.00,Sale,Marketplace,Completed
2025-12-02,Ugly Sweater Llama,Sticker,$2.40,$0.30,Sale,Marketplace,Completed
2025-12-02,Ugly Sweater Llama,Hoodie,$27.00,$4.00,Sale,Marketplace,Completed
2025-12-02,Ugly Sweater Llama,Phone Case,$13.20,$1.50,Sale,Marketplace,Completed
2025-12-02,Ugly Sweater Llama,Phone Case,$13.20,$1.50,Sale,Marketplace,Completed
2025-12-02,Book Dragon Hoarder,Hoodie,$27.00,$4.00,Sale,Marketplace,Completed
2025-12-03,Retro Sunset Cat,Sticker,$4.00,$0.60,Full Price,Marketplace,Completed
2025-12-03,Retro Sunset Cat,T-Shirt,$24.00,$4.00,Full Price,Marketplace,Completed
2025-12-03,Coffee Then Chaos,T-Shirt,$24.00,$4.00,Full Price,Marketplace,Completed
2025-12-03,Plant Mom Club,Mug,$16.00,$2.00,Full Price,Your Store Link,Completed
2025-12-03,Introverts Unite Separately,Hoodie,$45.00,$8.00,Full Price,Marketplace,Completed
2025-12-03,Ugly Sweater Llama,T-Shirt,$24.00,$4.00,Full Price,Your Store Link,Completed
2025-12-03,Ugly Sweater Llama,Mug,$16.00,$2.00,Full Price,Marketplace,Completed
2025-12-03,Book Dragon Hoarder,Hoodie,$45.00,$8.00,Full Price,Your Store Link,Completed
2025-12-04,Retro Sunset Cat,T-Shirt,$24.00,$4.00,Full Price,Marketplace,Completed
2025-12-04,Retro Sunset Cat,T-Shirt,$24.00,$4.00,Full Price,Your Store Link,Completed
2025-12-04,Coffee Then Chaos,Tank Top,$24.00,$4.00,Full Price,Marketplace,Completed
2025-12-04,Coffee Then Chaos,T-Shirt,$24.00,$4.00,Full Price,Your Store Link,Completed
2025-12-04,Plant Mom Club,Sticker,$4.00,$0.60,Full Price,Marketplace,Completed
2025-12-04,Introverts Unite Separately,Wall Art,$28.00,$4.50,Full Price,Marketplace,Completed
2025-12-04,Dad Joke Loading,Sticker,$4.00,$0.60,Full Price,Marketplace,Completed
2025-12-04,Pixel Art Mushroom,Sticker,$4.00,$0.60,Full Price,Marketplace,Completed
2025-12-04,Ugly Sweater Llama,Hoodie,$45.00,$8.00,Full Price,Marketplace,Completed
2025-12-04,Ugly Sweater Llama,T-Shirt,$24.00,$4.00,Full Price,Marketplace,Completed
2025-12-05,Retro Sunset Cat,T-Shirt,$24.00,$4.00,Full Price,Marketplace,Completed
2025-12-05,Retro Sunset Cat,Hoodie,$45.00,$8.00,Full Price,Your Store Link,Completed
2025-12-05,Coffee Then Chaos,Phone Case,$22.00,$3.00,Full Price,Your Store Link,Completed
2025-12-05,Spooky Season Ghost Squad,T-Shirt,$24.00,$4.00,Full Price,Marketplace,Completed
2025-12-05,Plant Mom Club,Sticker,$4.00,$0.60,Full Price,Your Store Link,Completed
2025-12-05,Introverts Unite Separately,Phone Case,$22.00,$3.00,Full Price,Marketplace,Completed
2025-12-05,Ugly Sweater Llama,T-Shirt,$24.00,$4.00,Full Price,Marketplace,Completed
2025-12-05,Ugly Sweater Llama,Sticker,$4.00,$0.60,Full Price,Marketplace,Completed
2025-12-06,Retro Sunset Cat,T-Shirt,$24.00,$4.00,Full Price,Marketplace,Completed
2025-12-06,Retro Sunset Cat,Mug,$16.00,$2.00,Full Price,Marketplace,Completed
2025-12-06,Coffee Then Chaos,T-Shirt,$24.00,$4.00,Full Price,Marketplace,Completed
2025-12-06,Plant Mom Club,T-Shirt,$24.00,$4.00,Full Price,Marketplace,Completed
2025-12-06,Introverts Unite Separately,Tank Top,$24.00,$4.00,Full Price,Marketplace,Completed
2025-12-06,Dad Joke Loading,T-Shirt,$24.00,$4.00,Full Price,Marketplace,Completed
2025-12-06,Pixel Art Mushroom,Sticker,$4.00,$0.60,Full Price,Marketplace,Completed
2025-12-06,Ugly Sweater Llama,Tank Top,$24.00,$4.00,Full Price,Marketplace,Completed
2025-12-06,Ugly Sweater Llama,T-Shirt,$24.00,$4.00,Full Price,Marketplace,Completed
2025-12-07,Retro Sunset Cat,Sticker,$4.00,$0.60,Full Price,Marketplace,Completed
2025-12-07,Coffee Then Chaos,T-Shirt,$24.00,$4.00,Full Price,Marketplace,Completed
2025-12-07,Coffee Then Chaos,T-Shirt,$24.00,$4.00,Full Price,Marketplace,Completed
2025-12-07,Plant Mom Club,T-Shirt,$24.00,$4.00,Full Price,Marketplace,Completed
2025-12-07,Introverts Unite Separately,Mug,$16.00,$2.00,Full Price,Marketplace,Completed
2025-12-07,Dad Joke Loading,Hoodie,$45.00,$8.00,Full Price,Marketplace,Completed
2025-12-07,Pixel Art Mushroom,T-Shirt,$24.00,$4.00,Full Price,Marketplace,Completed
2025-12-07,Ugly Sweater Llama,T-Shirt,$24.00,$4.00,Full Price,Marketplace,Completed
2025-12-08,Retro Sunset Cat,T-Shirt,$24.00,$4.00,Full Price,Your Store Link,Completed
2025-12-08,Coffee Then Chaos,Phone Case,$22.00,$3.00,Full Price,Marketplace,Completed
2025-12-08,Plant Mom Club,Hoodie,$45.00,$8.00,Full Price,Your Store Link,Completed
2025-12-08,Introverts Unite Separately,T-Shirt,$24.00,$4.00,Full Price,Marketplace,Completed
2025-12-08,Dad Joke Loading,T-Shirt,$24.00,$4.00,Full Price,Marketplace,Completed
2025-12-08,Pixel Art Mushroom,T-Shirt,$24.00,$4.00,Full Price,Marketplace,Completed
2025-12-08,Ugly Sweater Llama,Sticker,$4.00,$0.60,Full Price,Marketplace,Completed
2025-12-08,Ugly Sweater Llama,Phone Case,$22.00,$3.00,Full Price,Marketplace,Completed
2025-12-08,Book Dragon Hoarder,T-Shirt,$24.00,$4.00,Full Price,Marketplace,Completed
2025-12-09,Retro Sunset Cat,T-Shirt,$24.00,$4.00,Full Price,Marketplace,Completed
2025-12-09,Retro Sunset Cat,T-Shirt,$24.00,$4.00,Full Price,Marketplace,Completed
2025-12-09,Coffee Then Chaos,Sticker,$4.00,$0.60,Full Price,Marketplace,Completed
2025-12-09,Spooky Season Ghost Squad,Phone Case,$22.00,$3.00,Full Price,Your Store Link,Completed
2025-12-09,Plant Mom Club,T-Shirt,$24.00,$4.00,Full Price,Marketplace,Completed
2025-12-09,Introverts Unite Separately,Hoodie,$45.00,$8.00,Full Price,Marketplace,Completed
2025-12-09,Dad Joke Loading,Mug,$16.00,$2.00,Full Price,Marketplace,Completed
2025-12-09,Ugly Sweater Llama,T-Shirt,$24.00,$4.00,Full Price,Marketplace,Completed
2025-12-09,Ugly Sweater Llama,T-Shirt,$24.00,$4.00,Full Price,Marketplace,Completed
2025-12-09,Book Dragon Hoarder,Sticker,$4.00,$0.60,Full Price,Marketplace,Completed
2025-12-10,Retro Sunset Cat,Sticker,$4.00,$0.60,Full Price,Marketplace,Completed
2025-12-10,Coffee Then Chaos,T-Shirt,$24.00,$4.00,Full Price,Your Store Link,Completed
2025-12-10,Plant Mom Club,Tank Top,$24.00,$4.00,Full Price,Marketplace,Completed
2025-12-10,Dad Joke Loading,T-Shirt,$24.00,$4.00,Full Price,Marketplace,Completed
2025-12-10,Ugly Sweater Llama,Phone Case,$22.00,$3.00,Full Price,Marketplace,Completed
2025-12-10,Ugly Sweater Llama,Hoodie,$45.00,$8.00,Full Price,Marketplace,Completed
2025-12-10,Book Dragon Hoarder,Phone Case,$22.00,$3.00,Full Price,Marketplace,Completed
2025-12-11,Retro Sunset Cat,T-Shirt,$24.00,$4.00,Full Price,Marketplace,Completed
2025-12-11,Retro Sunset Cat,Sticker,$4.00,$0.60,Full Price,Marketplace,Completed
2025-12-11,Coffee Then Chaos,T-Shirt,$24.00,$4.00,Full Price,Marketplace,Completed
2025-12-11,Plant Mom Club,T-Shirt,$24.00,$4.00,Full Price,Marketplace,Completed
2025-12-11,Dad Joke Loading,T-Shirt,$24.00,$4.00,Full Price,Your Store Link,Completed
2025-12-11,Pixel Art Mushroom,Sticker,$4.00,$0.60,Full Price,Your Store Link,Completed
2025-12-11,Ugly Sweater Llama,T-Shirt,$24.00,$4.00,Full Price,Marketplace,Completed
2025-12-11,Ugly Sweater Llama,T-Shirt,$24.00,$4.00,Full Price,Marketplace,Completed
2025-12-12,Retro Sunset Cat,Wall Art,$28.00,$4.50,Full Price,Your Store Link,Completed
2025-12-12,Coffee Then Chaos,Hoodie,$45.00,$8.00,Full Price,Marketplace,Completed
2025-12-12,Spooky Season Ghost Squad,Mug,$16.00,$2.00,Full Price,Marketplace,Completed
2025-12-12,Introverts Unite Separately,Sticker,$4.00,$0.60,Full Price,Marketplace,Completed
2025-12-12,Dad Joke Loading,Phone Case,$22.00,$3.00,Full Price,Your Store Link,Completed
2025-12-12,Pixel Art Mushroom,Sticker,$4.00,$0.60,Full Price,Marketplace,Completed
2025-12-12,Ugly Sweater Llama,T-Shirt,$24.00,$4.00,Full Price,Marketplace,Completed
2025-12-13,Retro Sunset Cat,Sticker,$4.00,$0.60,Full Price,Marketplace,Completed
2025-12-13,Coffee Then Chaos,Tank Top,$24.00,$4.00,Full Price,Marketplace,Completed
2025-12-13,Coffee Then Chaos,Tank Top,$24.00,$4.00,Full Price,Marketplace,Completed
2025-12-13,Plant Mom Club,T-Shirt,$24.00,$4.00,Full Price,Marketplace,Completed
2025-12-13,Introverts Unite Separately,Mug,$16.00,$2.00,Full Price,Marketplace,Completed
2025-12-13,Dad Joke Loading,Hoodie,$45.00,$8.00,Full Price,Marketplace,Completed
2025-12-13,Pixel Art Mushroom,T-Shirt,$24.00,$4.00,Full Price,Marketplace,Completed
2025-12-13,Ugly Sweater Llama,T-Shirt,$24.00,$4.00,Full Price,Your Store Link,Completed
2025-12-13,Book Dragon Hoarder,Phone Case,$22.00,$3.00,Full Price,Marketplace,Completed
2025-12-14,Retro Sunset Cat,T-Shirt,$24.00,$4.00,Full Price,Marketplace,Completed
2025-12-14,Coffee Then Chaos,T-Shirt,$24.00,$4.00,Full Price,Your Store Link,Completed
2025-12-14,Plant Mom Club,T-Shirt,$24.00,$4.00,Full Price,Marketplace,Completed
2025-12-14,Introverts Unite Separately,T-Shirt,$24.00,$4.00,Full Price,Marketplace,Completed
2025-12-14,Dad Joke Loading,Sticker,$4.00,$0.60,Full Price,Your Store Link,Completed
2025-12-14,Pixel Art Mushroom,T-Shirt,$24.00,$4.00,Full Price,Marketplace,Completed
2025-12-14,Ugly Sweater Llama,T-Shirt,$24.00,$4.00,Full Price,Marketplace,Completed
2025-12-15,Retro Sunset Cat,Sticker,$4.00,$0.60,Full Price,Your Store Link,Completed
2025-12-15,Retro Sunset Cat,T-Shirt,$24.00,$4.00,Full Price,Marketplace,Completed
2025-12-15,Coffee Then Chaos,T-Shirt,$24.00,$4.00,Full Price,Marketplace,Completed
2025-12-15,Spooky Season Ghost Squad,Sticker,$4.00,$0.60,Full Price,Marketplace,Completed
2025-12-15,Plant Mom Club,T-Shirt,$24.00,$4.00,Full Price,Marketplace,Completed
2025-12-15,Introverts Unite Separately,T-Shirt,$24.00,$4.00,Full Price,Marketplace,Completed
2025-12-15,Dad Joke Loading,Phone Case,$22.00,$3.00,Full Price,Your Store Link,Completed
2025-12-15,Pixel Art Mushroom,T-Shirt,$24.00,$4.00,Full Price,Marketplace,Completed
2025-12-15,Ugly Sweater Llama,T-Shirt,$24.00,$4.00,Full Price,Marketplace,Completed
2025-12-15,Ugly Sweater Llama,T-Shirt,$24.00,$4.00,Full Price,Marketplace,Completed
2025-12-15,Book Dragon Hoarder,T-Shirt,$24.00,$4.00,Full Price,Marketplace,Completed
2025-12-16,Retro Sunset Cat,T-Shirt,$24.00,$4.00,Full Price,Marketplace,Completed
2025-12-16,Retro Sunset Cat,T-Shirt,$24.00,$4.00,Full Price,Marketplace,Completed
2025-12-16,Coffee Then Chaos,Mug,$16.00,$2.00,Full Price,Marketplace,Completed
2025-12-16,Introverts Unite Separately,T-Shirt,$24.00,$4.00,Full Price,Marketplace,Completed
2025-12-16,Dad Joke Loading,T-Shirt,$24.00,$4.00,Full Price,Marketplace,Completed
2025-12-16,Pixel Art Mushroom,Mug,$16.00,$2.00,Full Price,Marketplace,Completed
2025-12-16,Ugly Sweater Llama,T-Shirt,$24.00,$4.00,Full Price,Marketplace,Completed
2025-12-16,Ugly Sweater Llama,Sticker,$4.00,$0.60,Full Price,Marketplace,Completed
2025-12-17,Retro Sunset Cat,T-Shirt,$24.00,$4.00,Full Price,Your Store Link,Completed
2025-12-17,Retro Sunset Cat,T-Shirt,$24.00,$4.00,Full Price,Your Store Link,Completed
2025-12-17,Coffee Then Chaos,T-Shirt,$24.00,$4.00,Full Price,Marketplace,Completed
2025-12-17,Plant Mom Club,Phone Case,$22.00,$3.00,Full Price,Marketplace,Completed
2025-12-17,Introverts Unite Separately,Sticker,$4.00,$0.60,Full Price,Marketplace,Completed
2025-12-17,Dad Joke Loading,Wall Art,$28.00,$4.50,Full Price,Marketplace,Completed
2025-12-17,Pixel Art Mushroom,T-Shirt,$24.00,$4.00,Full Price,Marketplace,Completed
2025-12-17,Ugly Sweater Llama,T-Shirt,$24.00,$4.00,Full Price,Marketplace,Completed
2025-12-17,Ugly Sweater Llama,T-Shirt,$24.00,$4.00,Full Price,Your Store Link,Completed
2025-12-17,Book Dragon Hoarder,Mug,$16.00,$2.00,Full Price,Marketplace,Completed
2025-12-18,Retro Sunset Cat,Hoodie,$45.00,$8.00,Full Price,Marketplace,Completed
2025-12-18,Retro Sunset Cat,Sticker,$4.00,$0.60,Full Price,Marketplace,Completed
2025-12-18,Coffee Then Chaos,Sticker,$4.00,$0.60,Full Price,Your Store Link,Completed
2025-12-18,Plant Mom Club,Hoodie,$45.00,$8.00,Full Price,Your Store Link,Completed
2025-12-18,Introverts Unite Separately,Sticker,$4.00,$0.60,Full Price,Marketplace,Completed
2025-12-18,Dad Joke Loading,Tank Top,$24.00,$4.00,Full Price,Marketplace,Completed
2025-12-18,Ugly Sweater Llama,T-Shirt,$24.00,$4.00,Full Price,Marketplace,Completed
2025-12-18,Ugly Sweater Llama,Sticker,$4.00,$0.60,Full Price,Your Store Link,Completed
2025-12-19,Retro Sunset Cat,Hoodie,$45.00,$8.00,Full Price,Marketplace,Completed
2025-12-19,Retro Sunset Cat,Hoodie,$45.00,$8.00,Full Price,Marketplace,Completed
2025-12-19,Coffee Then Chaos,T-Shirt,$24.00,$4.00,Full Price,Marketplace,Completed
2025-12-19,Spooky Season Ghost Squad,T-Shirt,$24.00,$4.00,Full Price,Marketplace,Completed
2025-12-19,Plant Mom Club,Tank Top,$24.00,$4.00,Full Price,Your Store Link,Completed
2025-12-19,Introverts Unite Separately,T-Shirt,$24.00,$4.00,Full Price,Marketplace,Completed
2025-12-19,Dad Joke Loading,T-Shirt,$24.00,$4.00,Full Price,Marketplace,Completed
2025-12-19,Pixel Art Mushroom,Mug,$16.00,$2.00,Full Price,Your Store Link,Completed
2025-12-19,Ugly Sweater Llama,Hoodie,$45.00,$8.00,Full Price,Marketplace,Completed
2025-12-19,Book Dragon Hoarder,T-Shirt,$24.00,$4.00,Full Price,Marketplace,Completed
2025-12-20,Retro Sunset Cat,Sticker,$4.00,$0.60,Full Price,Marketplace,Completed
2025-12-20,Coffee Then Chaos,T-Shirt,$24.00,$4.00,Full Price,Marketplace,Completed
2025-12-20,Coffee Then Chaos,Wall Art,$28.00,$4.50,Full Price,Marketplace,Completed
2025-12-20,Plant Mom Club,Phone Case,$22.00,$3.00,Full Price,Marketplace,Completed
2025-12-20,Introverts Unite Separately,Hoodie,$45.00,$8.00,Full Price,Marketplace,Completed
2025-12-20,Pixel Art Mushroom,T-Shirt,$24.00,$4.00,Full Price,Marketplace,Completed
2025-12-20,Ugly Sweater Llama,Hoodie,$45.00,$8.00,Full Price,Marketplace,Completed
2025-12-20,Ugly Sweater Llama,Sticker,$4.00,$0.60,Full Price,Marketplace,Completed
2025-12-20,Book Dragon Hoarder,T-Shirt,$24.00,$4.00,Full Price,Your Store Link,Completed
2025-12-21,Retro Sunset Cat,T-Shirt,$24.00,$4.00,Full Price,Marketplace,Completed
2025-12-21,Coffee Then Chaos,T-Shirt,$24.00,$4.00,Full Price,Marketplace,Completed
2025-12-21,Plant Mom Club,T-Shirt,$24.00,$4.00,Full Price,Marketplace,Completed
2025-12-21,Introverts Unite Separately,T-Shirt,$24.00,$4.00,Full Price,Marketplace,Completed
2025-12-21,Dad Joke Loading,T-Shirt,$24.00,$4.00,Full Price,Marketplace,Completed
2025-12-21,Pixel Art Mushroom,T-Shirt,$24.00,$4.00,Full Price,Marketplace,Completed
2025-12-21,Ugly Sweater Llama,T-Shirt,$24.00,$4.00,Full Price,Your Store Link,Completed
2025-12-21,Ugly Sweater Llama,Sticker,$4.00,$0.60,Full Price,Marketplace,Completed
2025-12-21,Book Dragon Hoarder,T-Shirt,$24.00,$4.00,Full Price,Marketplace,Completed
2025-12-22,Retro Sunset Cat,Sticker,$4.00,$0.60,Full Price,Marketplace,Completed
2025-12-22,Retro Sunset Cat,Tank Top,$24.00,$4.00,Full Price,Marketplace,Completed
2025-12-22,Coffee Then Chaos,T-Shirt,$24.00,$4.00,Full Price,Marketplace,Completed
2025-12-22,Plant Mom Club,Tank Top,$24.00,$4.00,Full Price,Marketplace,Completed
2025-12-22,Introverts Unite Separately,Hoodie,$45.00,$8.00,Full Price,Marketplace,Completed
2025-12-22,Dad Joke Loading,Tank Top,$24.00,$4.00,Full Price,Your Store Link,Completed
2025-12-22,Ugly Sweater Llama,T-Shirt,$24.00,$4.00,Full Price,Your Store Link,Completed
2025-12-22,Ugly Sweater Llama,Sticker,$4.00,$0.60,Full Price,Marketplace,Completed
2025-12-22,Book Dragon Hoarder,Wall Art,$28.00,$4.50,Full Price,Marketplace,Completed
2025-12-23,Retro Sunset Cat,T-Shirt,$24.00,$4.00,Full Price,Marketplace,Completed
2025-12-23,Retro Sunset Cat,T-Shirt,$24.00,$4.00,Full Price,Marketplace,Completed
2025-12-23,Coffee Then Chaos,Hoodie,$45.00,$8.00,Full Price,Marketplace,Completed
2025-12-23,Spooky Season Ghost Squad,T-Shirt,$24.00,$4.00,Full Price,Your Store Link,Completed
2025-12-23,Plant Mom Club,T-Shirt,$24.00,$4.00,Full Price,Marketplace,Completed
2025-12-23,Introverts Unite Separately,Sticker,$4.00,$0.60,Full Price,Marketplace,Completed
2025-12-23,Dad Joke Loading,T-Shirt,$24.00,$4.00,Full Price,Marketplace,Completed
2025-12-23,Pixel Art Mushroom,Phone Case,$22.00,$3.00,Full Price,Marketplace,Completed
2025-12-23,Ugly Sweater Llama,T-Shirt,$24.00,$4.00,Full Price,Marketplace,Completed
2025-12-24,Retro Sunset Cat,T-Shirt,$24.00,$4.00,Full Price,Marketplace,Completed
2025-12-24,Retro Sunset Cat,T-Shirt,$24.00,$4.00,Full Price,Marketplace,Completed
2025-12-24,Coffee Then Chaos,Phone Case,$22.00,$3.00,Full Price,Marketplace,Completed
2025-12-24,Plant Mom Club,Sticker,$4.00,$0.60,Full Price,Marketplace,Completed
2025-12-24,Introverts Unite Separately,Sticker,$4.00,$0.60,Full Price,Marketplace,Completed
2025-12-24,Dad Joke Loading,Hoodie,$45.00,$8.00,Full Price,Marketplace,Completed
2025-12-24,Ugly Sweater Llama,T-Shirt,$24.00,$4.00,Full Price,Your Store Link,Completed
2025-12-24,Ugly Sweater Llama,T-Shirt,$24.00,$4.00,Full Price,Marketplace,Completed
2025-12-24,Book Dragon Hoarder,Mug,$16.00,$2.00,Full Price,Marketplace,Completed
2025-12-25,Retro Sunset Cat,Sticker,$4.00,$0.60,Full Price,Marketplace,Completed
2025-12-25,Coffee Then Chaos,T-Shirt,$24.00,$4.00,Full Price,Marketplace,Completed
2025-12-25,Plant Mom Club,T-Shirt,$24.00,$4.00,Full Price,Your Store Link,Completed
2025-12-25,Introverts Unite Separately,T-Shirt,$24.00,$4.00,Full Price,Marketplace,Completed
2025-12-25,Dad Joke Loading,Sticker,$4.00,$0.60,Full Price,Marketplace,Completed
2025-12-25,Ugly Sweater Llama,T-Shirt,$24.00,$4.00,Full Price,Marketplace,Completed
2025-12-25,Ugly Sweater Llama,Tank Top,$24.00,$4.00,Full Price,Marketplace,Completed
2025-12-25,Book Dragon Hoarder,Mug,$16.00,$2.00,Full Price,Marketplace,Completed
2025-12-26,Retro Sunset Cat,Hoodie,$45.00,$8.00,Full Price,Marketplace,Completed
2025-12-26,Coffee Then Chaos,T-Shirt,$24.00,$4.00,Full Price,Marketplace,Completed
2025-12-26,Coffee Then Chaos,Tank Top,$24.00,$4.00,Full Price,Marketplace,Completed
2025-12-26,Spooky Season Ghost Squad,Mug,$16.00,$2.00,Full Price,Marketplace,Completed
2025-12-26,Plant Mom Club,T-Shirt,$24.00,$4.00,Full Price,Marketplace,Completed
2025-12-26,Introverts Unite Separately,T-Shirt,$24.00,$4.00,Full Price,Marketplace,Completed
2025-12-26,Dad Joke Loading,Sticker,$4.00,$0.60,Full Price,Marketplace,Completed
2025-12-26,Ugly Sweater Llama,T-Shirt,$24.00,$4.00,Full Price,Marketplace,Completed
2025-12-26,Ugly Sweater Llama,Sticker,$4.00,$0.60,Full Price,Marketplace,Completed
2025-12-26,Book Dragon Hoarder,Tank Top,$24.00,$4.00,Full Price,Marketplace,Completed
2025-12-27,Retro Sunset Cat,Phone Case,$22.00,$3.00,Full Price,Marketplace,Completed
2025-12-27,Retro Sunset Cat,Hoodie,$45.00,$8.00,Full Price,Marketplace,Completed
2025-12-27,Coffee Then Chaos,T-Shirt,$24.00,$4.00,Full Price,Marketplace,Completed
2025-12-27,Plant Mom Club,Hoodie,$45.00,$8.00,Full Price,Your Store Link,Completed
2025-12-27,Introverts Unite Separately,Mug,$16.00,$2.00,Full Price,Marketplace,Completed
2025-12-27,Ugly Sweater Llama,T-Shirt,$24.00,$4.00,Full Price,Marketplace,Completed
2025-12-28,Retro Sunset Cat,Tank Top,$24.00,$4.00,Full Price,Your Store Link,Completed
2025-12-28,Retro Sunset Cat,Sticker,$4.00,$0.60,Full Price,Your Store Link,Completed
2025-12-28,Coffee Then Chaos,Sticker,$4.00,$0.60,Full Price,Marketplace,Completed
2025-12-28,Spooky Season Ghost Squad,Sticker,$4.00,$0.60,Full Price,Marketplace,Completed
2025-12-28,Plant Mom Club,T-Shirt,$24.00,$4.00,Full Price,Marketplace,Completed
2025-12-28,Dad Joke Loading,T-Shirt,$24.00,$4.00,Full Price,Marketplace,Completed
2025-12-28,Ugly Sweater Llama,Sticker,$4.00,$-0.60,Full Price,Marketplace,Refunded
2025-12-28,Ugly Sweater Llama,T-Shirt,$24.00,$4.00,Full Price,Marketplace,Completed
2025-12-28,Book Dragon Hoarder,Wall Art,$28.00,$4.50,Full Price,Marketplace,Completed
2025-12-29,Retro Sunset Cat,T-Shirt,$24.00,$4.00,Full Price,Marketplace,Completed
2025-12-29,Coffee Then Chaos,Phone Case,$22.00,$3.00,Full Price,Marketplace,Completed
2025-12-29,Plant Mom Club,Hoodie,$45.00,$8.00,Full Price,Marketplace,Completed
2025-12-29,Introverts Unite Separately,Mug,$16.00,$2.00,Full Price,Your Store Link,Completed
2025-12-29,Dad Joke Loading,T-Shirt,$24.00,$4.00,Full Price,Marketplace,Completed
2025-12-29,Pixel Art Mushroom,Hoodie,$45.00,$8.00,Full Price,Marketplace,Completed
2025-12-29,Ugly Sweater Llama,T-Shirt,$24.00,$4.00,Full Price,Marketplace,Completed
2025-12-29,Book Dragon Hoarder,Mug,$16.00,$2.00,Full Price,Marketplace,Completed
2025-12-30,Retro Sunset Cat,T-Shirt,$24.00,$4.00,Full Price,Marketplace,Completed
2025-12-30,Coffee Then Chaos,T-Shirt,$24.00,$4.00,Full Price,Marketplace,Completed
2025-12-30,Coffee Then Chaos,T-Shirt,$24.00,$4.00,Full Price,Marketplace,Completed
2025-12-30,Plant Mom Club,T-Shirt,$24.00,$4.00,Full Price,Marketplace,Completed
2025-12-30,Ugly Sweater Llama,Tank Top,$24.00,$4.00,Full Price,Marketplace,Completed
2025-12-30,Ugly Sweater Llama,T-Shirt,$24.00,$4.00,Full Price,Marketplace,Completed
2025-12-30,Book Dragon Hoarder,T-Shirt,$24.00,$4.00,Full Price,Marketplace,Completed
2025-12-31,Retro Sunset Cat,Sticker,$4.00,$0.60,Full Price,Marketplace,Completed
2025-12-31,Retro Sunset Cat,T-Shirt,$24.00,$4.00,Full Price,Marketplace,Completed
2025-12-31,Coffee Then Chaos,Mug,$16.00,$2.00,Full Price,Marketplace,Completed
2025-12-31,Plant Mom Club,T-Shirt,$24.00,$4.00,Full Price,Your Store Link,Completed
2025-12-31,Introverts Unite Separately,T-Shirt,$24.00,$4.00,Full Price,Marketplace,Completed
2025-12-31,Dad Joke Loading,T-Shirt,$24.00,$4.00,Full Price,Marketplace,Completed
2025-12-31,Pixel Art Mushroom,T-Shirt,$24.00,$4.00,Full Price,Marketplace,Completed
2025-12-31,Ugly Sweater Llama,T-Shirt,$24.00,$4.00,Full Price,Marketplace,Completed
2026-01-01,Retro Sunset Cat,T-Shirt,$24.00,$4.00,Full Price,Your Store Link,Completed
2026-01-01,Coffee Then Chaos,T-Shirt,$24.00,$4.00,Full Price,Your Store Link,Completed
2026-01-01,Spooky Season Ghost Squad,Sticker,$4.00,$0.60,Full Price,Marketplace,Completed
2026-01-01,Introverts Unite Separately,Phone Case,$22.00,$3.00,Full Price,Marketplace,Completed
2026-01-01,Pixel Art Mushroom,T-Shirt,$24.00,$4.00,Full Price,Marketplace,Completed
2026-01-02,Retro Sunset Cat,T-Shirt,$24.00,$4.00,Full Price,Marketplace,Completed
2026-01-02,Coffee Then Chaos,Phone Case,$22.00,$3.00,Full Price,Marketplace,Completed
2026-01-02,Spooky Season Ghost Squad,Phone Case,$22.00,$3.00,Full Price,Your Store Link,Completed
2026-01-02,Ugly Sweater Llama,Sticker,$4.00,$0.60,Full Price,Marketplace,Completed
2026-01-03,Coffee Then Chaos,Sticker,$4.00,$0.60,Full Price,Marketplace,Completed
2026-01-04,Retro Sunset Cat,T-Shirt,$24.00,$4.00,Full Price,Marketplace,Completed
2026-01-04,Dad Joke Loading,Wall Art,$28.00,$4.50,Full Price,Marketplace,Completed
2026-01-06,Coffee Then Chaos,T-Shirt,$24.00,$4.00,Full Price,Marketplace,Completed
2026-01-06,Book Dragon Hoarder,Mug,$16.00,$2.00,Full Price,Your Store Link,Completed
2026-01-07,Retro Sunset Cat,T-Shirt,$24.00,$4.00,Full Price,Marketplace,Completed
2026-01-07,Spooky Season Ghost Squad,T-Shirt,$24.00,$4.00,Full Price,Marketplace,Completed
2026-01-08,Retro Sunset Cat,Hoodie,$45.00,$8.00,Full Price,Marketplace,Completed
2026-01-08,Plant Mom Club,T-Shirt,$24.00,$4.00,Full Price,Marketplace,Completed
2026-01-08,Dad Joke Loading,T-Shirt,$24.00,$4.00,Full Price,Marketplace,Completed
2026-01-08,Pixel Art Mushroom,T-Shirt,$24.00,$4.00,Full Price,Marketplace,Completed
2026-01-09,Introverts Unite Separately,Sticker,$4.00,$0.60,Full Price,Marketplace,Completed
2026-01-11,Retro Sunset Cat,Sticker,$4.00,$0.60,Full Price,Marketplace,Completed
2026-01-11,Introverts Unite Separately,T-Shirt,$24.00,$4.00,Full Price,Marketplace,Completed
2026-01-12,Coffee Then Chaos,Hoodie,$45.00,$8.00,Full Price,Marketplace,Completed
2026-01-12,Plant Mom Club,Sticker,$4.00,$0.60,Full Price,Marketplace,Completed
2026-01-12,Introverts Unite Separately,T-Shirt,$24.00,$4.00,Full Price,Marketplace,Completed
2026-01-12,Book Dragon Hoarder,T-Shirt,$24.00,$4.00,Full Price,Marketplace,Completed
2026-01-13,Retro Sunset Cat,T-Shirt,$24.00,$4.00,Full Price,Marketplace,Completed
2026-01-13,Spooky Season Ghost Squad,Wall Art,$28.00,$4.50,Full Price,Marketplace,Completed
2026-01-13,Plant Mom Club,Mug,$16.00,$2.00,Full Price,Your Store Link,Completed
2026-01-13,Book Dragon Hoarder,T-Shirt,$24.00,$4.00,Full Price,Marketplace,Completed
2026-01-15,Retro Sunset Cat,T-Shirt,$24.00,$4.00,Full Price,Marketplace,Completed
2026-01-15,Dad Joke Loading,T-Shirt,$24.00,$4.00,Full Price,Marketplace,Completed
2026-01-15,Pixel Art Mushroom,T-Shirt,$24.00,$4.00,Full Price,Marketplace,Completed
2026-01-15,Book Dragon Hoarder,T-Shirt,$24.00,$4.00,Full Price,Marketplace,Completed
2026-01-16,Retro Sunset Cat,Sticker,$4.00,$0.60,Full Price,Marketplace,Completed
2026-01-16,Coffee Then Chaos,T-Shirt,$24.00,$4.00,Full Price,Marketplace,Completed
2026-01-16,Dad Joke Loading,T-Shirt,$24.00,$4.00,Full Price,Marketplace,Completed
2026-01-17,Retro Sunset Cat,T-Shirt,$24.00,$4.00,Full Price,Marketplace,Completed
2026-01-17,Book Dragon Hoarder,Mug,$16.00,$2.00,Full Price,Marketplace,Completed
2026-01-18,Retro Sunset Cat,Mug,$16.00,$2.00,Full Price,Marketplace,Completed
2026-01-18,Introverts Unite Separately,T-Shirt,$24.00,$4.00,Full Price,Marketplace,Completed
2026-01-18,Book Dragon Hoarder,T-Shirt,$24.00,$4.00,Full Price,Marketplace,Completed
2026-01-19,Retro Sunset Cat,T-Shirt,$24.00,$4.00,Full Price,Marketplace,Completed
2026-01-19,Dad Joke Loading,Sticker,$4.00,$0.60,Full Price,Marketplace,Completed
2026-01-19,Book Dragon Hoarder,T-Shirt,$24.00,$4.00,Full Price,Marketplace,Completed
2026-01-20,Retro Sunset Cat,T-Shirt,$24.00,$4.00,Full Price,Marketplace,Completed
2026-01-20,Coffee Then Chaos,T-Shirt,$24.00,$4.00,Full Price,Marketplace,Completed
2026-01-22,Spooky Season Ghost Squad,Hoodie,$45.00,$8.00,Full Price,Marketplace,Completed
2026-01-22,Introverts Unite Separately,T-Shirt,$24.00,$4.00,Full Price,Marketplace,Completed
2026-01-22,Dad Joke Loading,Sticker,$4.00,$0.60,Full Price,Marketplace,Completed
2026-01-23,Coffee Then Chaos,T-Shirt,$24.00,$4.00,Full Price,Marketplace,Completed
2026-01-23,Plant Mom Club,T-Shirt,$24.00,$4.00,Full Price,Marketplace,Completed
2026-01-23,Introverts Unite Separately,Phone Case,$22.00,$3.00,Full Price,Marketplace,Completed
2026-01-24,Coffee Then Chaos,T-Shirt,$24.00,$4.00,Full Price,Marketplace,Completed
2026-01-25,Plant Mom Club,T-Shirt,$24.00,$4.00,Full Price,Marketplace,Completed
2026-01-25,Book Dragon Hoarder,T-Shirt,$24.00,$4.00,Full Price,Marketplace,Completed
2026-01-26,Coffee Then Chaos,T-Shirt,$24.00,$4.00,Full Price,Marketplace,Completed
2026-01-26,Plant Mom Club,T-Shirt,$24.00,$4.00,Full Price,Your Store Link,Completed
2026-01-27,Retro Sunset Cat,Sticker,$4.00,$0.60,Full Price,Marketplace,Completed
2026-01-27,Introverts Unite Separately,T-Shirt,$24.00,$4.00,Full Price,Your Store Link,Completed
2026-01-28,Coffee Then Chaos,Hoodie,$45.00,$8.00,Full Price,Marketplace,Completed
2026-01-28,Spooky Season Ghost Squad,T-Shirt,$24.00,$4.00,Full Price,Marketplace,Completed
2026-01-29,Retro Sunset Cat,Sticker,$4.00,$0.60,Full Price,Marketplace,Completed
2026-01-29,Introverts Unite Separately,T-Shirt,$24.00,$4.00,Full Price,Marketplace,Completed
2026-01-29,Dad Joke Loading,T-Shirt,$24.00,$4.00,Full Price,Marketplace,Completed
2026-01-30,Plant Mom Club,Tank Top,$24.00,$4.00,Full Price,Marketplace,Completed
2026-01-31,Retro Sunset Cat,Hoodie,$45.00,$8.00,Full Price,Your Store Link,Completed
2026-01-31,Ugly Sweater Llama,Sticker,$4.00,$0.60,Full Price,Marketplace,Completed
2026-02-01,Retro Sunset Cat,T-Shirt,$24.00,$4.00,Full Price,Marketplace,Completed
2026-02-02,Retro Sunset Cat,T-Shirt,$24.00,$4.00,Full Price,Marketplace,Completed
2026-02-02,Coffee Then Chaos,T-Shirt,$24.00,$4.00,Full Price,Marketplace,Completed
2026-02-02,Introverts Unite Separately,Sticker,$4.00,$0.60,Full Price,Marketplace,Completed
2026-02-03,Retro Sunset Cat,T-Shirt,$24.00,$4.00,Full Price,Marketplace,Completed
2026-02-03,Coffee Then Chaos,T-Shirt,$24.00,$4.00,Full Price,Marketplace,Completed
2026-02-03,Plant Mom Club,T-Shirt,$24.00,$4.00,Full Price,Marketplace,Completed
2026-02-04,Retro Sunset Cat,T-Shirt,$24.00,$4.00,Full Price,Marketplace,Completed
2026-02-04,Plant Mom Club,Sticker,$4.00,$0.60,Full Price,Marketplace,Completed
2026-02-04,Introverts Unite Separately,Wall Art,$28.00,$4.50,Full Price,Marketplace,Completed
2026-02-04,Ugly Sweater Llama,Sticker,$4.00,$0.60,Full Price,Marketplace,Completed
2026-02-05,Retro Sunset Cat,T-Shirt,$24.00,$4.00,Full Price,Marketplace,Completed
2026-02-05,Introverts Unite Separately,Mug,$16.00,$2.00,Full Price,Marketplace,Completed
2026-02-05,Dad Joke Loading,T-Shirt,$24.00,$4.00,Full Price,Your Store Link,Completed
2026-02-05,Book Dragon Hoarder,Mug,$16.00,$2.00,Full Price,Marketplace,Completed
2026-02-06,Plant Mom Club,Hoodie,$45.00,$8.00,Full Price,Marketplace,Completed
2026-02-06,Pixel Art Mushroom,Hoodie,$45.00,$8.00,Full Price,Marketplace,Completed
2026-02-07,Retro Sunset Cat,Sticker,$4.00,$0.60,Full Price,Marketplace,Completed
2026-02-07,Dad Joke Loading,T-Shirt,$24.00,$4.00,Full Price,Your Store Link,Completed
2026-02-07,Book Dragon Hoarder,T-Shirt,$24.00,$4.00,Full Price,Marketplace,Completed
2026-02-08,Retro Sunset Cat,Phone Case,$22.00,$3.00,Full Price,Marketplace,Completed
2026-02-08,Coffee Then Chaos,T-Shirt,$24.00,$4.00,Full Price,Marketplace,Completed
2026-02-08,Book Dragon Hoarder,T-Shirt,$24.00,$4.00,Full Price,Marketplace,Completed
2026-02-09,Retro Sunset Cat,Hoodie,$45.00,$8.00,Full Price,Marketplace,Completed
2026-02-09,Plant Mom Club,T-Shirt,$24.00,$4.00,Full Price,Your Store Link,Completed
2026-02-09,Pixel Art Mushroom,T-Shirt,$24.00,$4.00,Full Price,Your Store Link,Completed
2026-02-09,Book Dragon Hoarder,Tank Top,$24.00,$4.00,Full Price,Marketplace,Completed
2026-02-10,Retro Sunset Cat,T-Shirt,$24.00,$4.00,Full Price,Marketplace,Completed
2026-02-10,Spooky Season Ghost Squad,Sticker,$4.00,$0.60,Full Price,Marketplace,Completed
2026-02-10,Introverts Unite Separately,Mug,$16.00,$2.00,Full Price,Marketplace,Completed
2026-02-10,Pixel Art Mushroom,Sticker,$4.00,$0.60,Full Price,Marketplace,Completed
2026-02-11,Retro Sunset Cat,T-Shirt,$24.00,$4.00,Full Price,Marketplace,Completed
2026-02-11,Spooky Season Ghost Squad,Hoodie,$45.00,$8.00,Full Price,Marketplace,Completed
2026-02-11,Plant Mom Club,Phone Case,$22.00,$3.00,Full Price,Marketplace,Completed
2026-02-11,Pixel Art Mushroom,Hoodie,$45.00,$8.00,Full Price,Your Store Link,Completed
2026-02-11,Ugly Sweater Llama,T-Shirt,$24.00,$4.00,Full Price,Marketplace,Completed
2026-02-12,Retro Sunset Cat,T-Shirt,$24.00,$4.00,Full Price,Marketplace,Completed
2026-02-12,Coffee Then Chaos,Sticker,$4.00,$0.60,Full Price,Marketplace,Completed
2026-02-12,Plant Mom Club,T-Shirt,$24.00,$4.00,Full Price,Marketplace,Completed
2026-02-12,Introverts Unite Separately,Tank Top,$24.00,$4.00,Full Price,Marketplace,Completed
2026-02-13,Coffee Then Chaos,T-Shirt,$24.00,$4.00,Full Price,Marketplace,Completed
2026-02-14,Introverts Unite Separately,Sticker,$4.00,$0.60,Full Price,Your Store Link,Completed
2026-02-14,Dad Joke Loading,Sticker,$4.00,$0.60,Full Price,Marketplace,Completed
2026-02-14,Pixel Art Mushroom,T-Shirt,$24.00,$4.00,Full Price,Marketplace,Completed
2026-02-15,Retro Sunset Cat,T-Shirt,$24.00,$4.00,Full Price,Marketplace,Completed
2026-02-15,Coffee Then Chaos,T-Shirt,$24.00,$4.00,Full Price,Marketplace,Completed
2026-02-15,Plant Mom Club,T-Shirt,$24.00,$4.00,Full Price,Marketplace,Completed
2026-02-16,Introverts Unite Separately,T-Shirt,$24.00,$4.00,Full Price,Marketplace,Completed
2026-02-16,Book Dragon Hoarder,Sticker,$4.00,$0.60,Full Price,Marketplace,Completed
2026-02-17,Retro Sunset Cat,T-Shirt,$24.00,$4.00,Full Price,Marketplace,Completed
2026-02-17,Plant Mom Club,T-Shirt,$24.00,$4.00,Full Price,Marketplace,Completed
2026-02-18,Retro Sunset Cat,Hoodie,$45.00,$8.00,Full Price,Marketplace,Completed
2026-02-18,Plant Mom Club,Phone Case,$22.00,$3.00,Full Price,Marketplace,Completed
2026-02-18,Pixel Art Mushroom,T-Shirt,$24.00,$4.00,Full Price,Marketplace,Completed
2026-02-19,Retro Sunset Cat,Hoodie,$45.00,$8.00,Full Price,Marketplace,Completed
2026-02-20,Retro Sunset Cat,T-Shirt,$24.00,$4.00,Full Price,Marketplace,Completed
2026-02-20,Introverts Unite Separately,T-Shirt,$24.00,$4.00,Full Price,Marketplace,Completed
2026-02-21,Retro Sunset Cat,Sticker,$4.00,$0.60,Full Price,Marketplace,Completed
2026-02-21,Coffee Then Chaos,T-Shirt,$24.00,$4.00,Full Price,Marketplace,Completed
2026-02-21,Plant Mom Club,Sticker,$4.00,$0.60,Full Price,Marketplace,Completed
2026-02-21,Introverts Unite Separately,Mug,$16.00,$2.00,Full Price,Marketplace,Completed
2026-02-21,Book Dragon Hoarder,Sticker,$4.00,$0.60,Full Price,Marketplace,Completed
2026-02-22,Retro Sunset Cat,Sticker,$4.00,$0.60,Full Price,Marketplace,Completed
2026-02-22,Coffee Then Chaos,T-Shirt,$24.00,$4.00,Full Price,Marketplace,Completed
2026-02-23,Retro Sunset Cat,T-Shirt,$24.00,$4.00,Full Price,Marketplace,Completed
2026-02-23,Coffee Then Chaos,Phone Case,$22.00,$3.00,Full Price,Your Store Link,Completed
2026-02-23,Dad Joke Loading,T-Shirt,$24.00,$4.00,Full Price,Marketplace,Completed
2026-02-24,Pixel Art Mushroom,Sticker,$4.00,$0.60,Full Price,Marketplace,Completed
2026-02-25,Retro Sunset Cat,Sticker,$4.00,$0.60,Full Price,Marketplace,Completed
2026-02-25,Introverts Unite Separately,Sticker,$4.00,$0.60,Full Price,Your Store Link,Completed
2026-02-25,Pixel Art Mushroom,Wall Art,$28.00,$4.50,Full Price,Your Store Link,Completed
2026-02-26,Retro Sunset Cat,T-Shirt,$24.00,$4.00,Full Price,Marketplace,Completed
2026-02-26,Coffee Then Chaos,Sticker,$4.00,$0.60,Full Price,Marketplace,Completed
2026-02-27,Coffee Then Chaos,Sticker,$4.00,$0.60,Full Price,Marketplace,Completed
2026-02-27,Plant Mom Club,T-Shirt,$24.00,$4.00,Full Price,Marketplace,Completed
2026-02-27,Introverts Unite Separately,Sticker,$4.00,$0.60,Full Price,Marketplace,Completed
2026-02-28,Retro Sunset Cat,T-Shirt,$24.00,$4.00,Full Price,Marketplace,Completed
2026-02-28,Introverts Unite Separately,Tank Top,$24.00,$4.00,Full Price,Marketplace,Completed
2026-03-01,Spooky Season Ghost Squad,Wall Art,$28.00,$4.50,Full Price,Marketplace,Completed
2026-03-01,Introverts Unite Separately,T-Shirt,$24.00,$4.00,Full Price,Marketplace,Completed
2026-03-01,Pixel Art Mushroom,T-Shirt,$24.00,$4.00,Full Price,Marketplace,Completed
2026-03-03,Retro Sunset Cat,Phone Case,$22.00,$3.00,Full Price,Marketplace,Completed
2026-03-03,Coffee Then Chaos,Mug,$16.00,$2.00,Full Price,Marketplace,Completed
2026-03-03,Spooky Season Ghost Squad,T-Shirt,$24.00,$4.00,Full Price,Marketplace,Completed
2026-03-03,Introverts Unite Separately,Hoodie,$45.00,$8.00,Full Price,Marketplace,Completed
2026-03-04,Retro Sunset Cat,T-Shirt,$24.00,$4.00,Full Price,Marketplace,Completed
2026-03-04,Coffee Then Chaos,T-Shirt,$24.00,$4.00,Full Price,Marketplace,Completed
2026-03-04,Plant Mom Club,Hoodie,$45.00,$8.00,Full Price,Marketplace,Completed
2026-03-05,Retro Sunset Cat,Mug,$16.00,$2.00,Full Price,Marketplace,Completed
2026-03-05,Spooky Season Ghost Squad,T-Shirt,$24.00,$4.00,Full Price,Marketplace,Completed
2026-03-05,Introverts Unite Separately,Phone Case,$22.00,$3.00,Full Price,Marketplace,Completed
2026-03-06,Retro Sunset Cat,T-Shirt,$24.00,$4.00,Full Price,Marketplace,Completed
2026-03-06,Ugly Sweater Llama,T-Shirt,$24.00,$4.00,Full Price,Marketplace,Completed
2026-03-07,Retro Sunset Cat,T-Shirt,$24.00,$4.00,Full Price,Marketplace,Completed
2026-03-07,Coffee Then Chaos,Hoodie,$45.00,$8.00,Full Price,Marketplace,Completed
2026-03-07,Plant Mom Club,T-Shirt,$24.00,$4.00,Full Price,Marketplace,Completed
2026-03-08,Retro Sunset Cat,T-Shirt,$24.00,$4.00,Full Price,Marketplace,Completed
2026-03-08,Plant Mom Club,T-Shirt,$24.00,$4.00,Full Price,Marketplace,Completed
2026-03-08,Introverts Unite Separately,Hoodie,$45.00,$8.00,Full Price,Marketplace,Completed
2026-03-09,Plant Mom Club,T-Shirt,$24.00,$4.00,Full Price,Marketplace,Completed
2026-03-10,Retro Sunset Cat,Mug,$16.00,$2.00,Full Price,Marketplace,Completed
2026-03-11,Retro Sunset Cat,Sticker,$4.00,$0.60,Full Price,Marketplace,Completed
2026-03-11,Coffee Then Chaos,T-Shirt,$24.00,$4.00,Full Price,Marketplace,Completed
2026-03-11,Plant Mom Club,T-Shirt,$24.00,$4.00,Full Price,Marketplace,Completed
2026-03-12,Coffee Then Chaos,T-Shirt,$24.00,$4.00,Full Price,Marketplace,Completed
2026-03-12,Ugly Sweater Llama,T-Shirt,$24.00,$4.00,Full Price,Marketplace,Completed
2026-03-12,Book Dragon Hoarder,Tank Top,$24.00,$4.00,Full Price,Your Store Link,Completed
2026-03-13,Retro Sunset Cat,T-Shirt,$24.00,$4.00,Full Price,Your Store Link,Completed
2026-03-13,Coffee Then Chaos,Phone Case,$22.00,$3.00,Full Price,Marketplace,Completed
2026-03-13,Plant Mom Club,Sticker,$4.00,$0.60,Full Price,Marketplace,Completed
2026-03-13,Book Dragon Hoarder,T-Shirt,$24.00,$4.00,Full Price,Marketplace,Completed
2026-03-14,Retro Sunset Cat,Hoodie,$45.00,$8.00,Full Price,Marketplace,Completed
2026-03-14,Introverts Unite Separately,T-Shirt,$24.00,$4.00,Full Price,Marketplace,Completed
2026-03-14,Ugly Sweater Llama,Phone Case,$22.00,$3.00,Full Price,Marketplace,Completed
2026-03-15,Retro Sunset Cat,Mug,$16.00,$2.00,Full Price,Marketplace,Completed
2026-03-15,Coffee Then Chaos,T-Shirt,$24.00,$4.00,Full Price,Marketplace,Completed
2026-03-15,Plant Mom Club,T-Shirt,$24.00,$4.00,Full Price,Marketplace,Completed
2026-03-16,Retro Sunset Cat,Tank Top,$24.00,$4.00,Full Price,Marketplace,Completed
2026-03-16,Coffee Then Chaos,Phone Case,$22.00,$3.00,Full Price,Marketplace,Completed
2026-03-16,Plant Mom Club,T-Shirt,$24.00,$4.00,Full Price,Marketplace,Completed
2026-03-16,Dad Joke Loading,T-Shirt,$24.00,$4.00,Full Price,Marketplace,Completed
2026-03-17,Book Dragon Hoarder,T-Shirt,$24.00,$4.00,Full Price,Marketplace,Completed
2026-03-18,Retro Sunset Cat,Hoodie,$45.00,$8.00,Full Price,Marketplace,Completed
2026-03-18,Coffee Then Chaos,Mug,$16.00,$2.00,Full Price,Marketplace,Completed
2026-03-18,Plant Mom Club,Sticker,$4.00,$0.60,Full Price,Marketplace,Completed
2026-03-19,Retro Sunset Cat,Sticker,$4.00,$0.60,Full Price,Marketplace,Completed
2026-03-19,Coffee Then Chaos,T-Shirt,$24.00,$4.00,Full Price,Marketplace,Completed
2026-03-19,Introverts Unite Separately,T-Shirt,$24.00,$4.00,Full Price,Marketplace,Completed
2026-03-19,Dad Joke Loading,T-Shirt,$24.00,$4.00,Full Price,Marketplace,Completed
2026-03-19,Book Dragon Hoarder,T-Shirt,$24.00,$4.00,Full Price,Marketplace,Completed
2026-03-20,Retro Sunset Cat,T-Shirt,$24.00,$4.00,Full Price,Marketplace,Completed
2026-03-20,Coffee Then Chaos,Sticker,$4.00,$0.60,Full Price,Marketplace,Completed
2026-03-20,Plant Mom Club,Mug,$16.00,$2.00,Full Price,Marketplace,Completed
2026-03-20,Dad Joke Loading,T-Shirt,$24.00,$4.00,Full Price,Your Store Link,Completed
2026-03-21,Retro Sunset Cat,T-Shirt,$24.00,$4.00,Full Price,Marketplace,Completed
2026-03-21,Coffee Then Chaos,Sticker,$4.00,$0.60,Full Price,Marketplace,Completed
2026-03-21,Spooky Season Ghost Squad,Hoodie,$45.00,$8.00,Full Price,Marketplace,Completed
2026-03-21,Ugly Sweater Llama,T-Shirt,$24.00,$4.00,Full Price,Marketplace,Completed
2026-03-22,Retro Sunset Cat,Phone Case,$22.00,$3.00,Full Price,Marketplace,Completed
2026-03-22,Coffee Then Chaos,T-Shirt,$24.00,$4.00,Full Price,Marketplace,Completed
2026-03-22,Plant Mom Club,Sticker,$4.00,$0.60,Full Price,Marketplace,Completed
2026-03-22,Pixel Art Mushroom,T-Shirt,$24.00,$4.00,Full Price,Marketplace,Completed
2026-03-23,Retro Sunset Cat,Hoodie,$45.00,$8.00,Full Price,Marketplace,Completed
2026-03-23,Coffee Then Chaos,T-Shirt,$24.00,$4.00,Full Price,Marketplace,Completed
2026-03-23,Plant Mom Club,Sticker,$4.00,$0.60,Full Price,Marketplace,Completed
2026-03-23,Pixel Art Mushroom,Sticker,$4.00,$0.60,Full Price,Your Store Link,Completed
2026-03-24,Retro Sunset Cat,T-Shirt,$24.00,$4.00,Full Price,Marketplace,Completed
2026-03-24,Coffee Then Chaos,T-Shirt,$24.00,$4.00,Full Price,Marketplace,Completed
2026-03-24,Plant Mom Club,Phone Case,$22.00,$3.00,Full Price,Marketplace,Completed
2026-03-24,Dad Joke Loading,T-Shirt,$24.00,$4.00,Full Price,Marketplace,Completed
2026-03-24,Pixel Art Mushroom,Sticker,$4.00,$0.60,Full Price,Marketplace,Completed
2026-03-25,Retro Sunset Cat,Phone Case,$22.00,$3.00,Full Price,Marketplace,Completed
2026-03-25,Plant Mom Club,T-Shirt,$24.00,$4.00,Full Price,Marketplace,Completed
2026-03-25,Dad Joke Loading,Hoodie,$45.00,$8.00,Full Price,Marketplace,Completed
2026-03-25,Book Dragon Hoarder,T-Shirt,$24.00,$4.00,Full Price,Marketplace,Completed
2026-03-26,Retro Sunset Cat,T-Shirt,$24.00,$4.00,Full Price,Your Store Link,Completed
2026-03-26,Coffee Then Chaos,T-Shirt,$24.00,$4.00,Full Price,Marketplace,Completed
2026-03-26,Plant Mom Club,Hoodie,$45.00,$8.00,Full Price,Marketplace,Completed
2026-03-26,Pixel Art Mushroom,T-Shirt,$24.00,$4.00,Full Price,Marketplace,Completed
2026-03-26,Book Dragon Hoarder,Mug,$16.00,$2.00,Full Price,Your Store Link,Completed
2026-03-27,Retro Sunset Cat,T-Shirt,$24.00,$4.00,Full Price,Marketplace,Completed
2026-03-28,Retro Sunset Cat,Phone Case,$22.00,$3.00,Full Price,Marketplace,Completed
2026-03-28,Plant Mom Club,Sticker,$4.00,$0.60,Full Price,Marketplace,Completed
2026-03-29,Retro Sunset Cat,T-Shirt,$24.00,$4.00,Full Price,Marketplace,Completed
2026-03-29,Plant Mom Club,T-Shirt,$24.00,$4.00,Full Price,Marketplace,Completed
2026-03-29,Pixel Art Mushroom,T-Shirt,$24.00,$4.00,Full Price,Marketplace,Completed
2026-03-29,Book Dragon Hoarder,T-Shirt,$24.00,$4.00,Full Price,Marketplace,Completed
2026-03-30,Retro Sunset Cat,Sticker,$4.00,$0.60,Full Price,Marketplace,Completed
2026-03-30,Coffee Then Chaos,Sticker,$4.00,$0.60,Full Price,Marketplace,Completed
2026-03-30,Plant Mom Club,T-Shirt,$24.00,$4.00,Full Price,Marketplace,Completed
2026-03-31,Retro Sunset Cat,Sticker,$4.00,$0.60,Full Price,Marketplace,Completed
2026-03-31,Coffee Then Chaos,Phone Case,$22.00,$3.00,Full Price,Your Store Link,Completed
2026-03-31,Plant Mom Club,Sticker,$4.00,$0.60,Full Price,Marketplace,Completed
2026-03-31,Introverts Unite Separately,Sticker,$4.00,$0.60,Full Price,Marketplace,Completed
2026-04-01,Retro Sunset Cat,T-Shirt,$24.00,$4.00,Full Price,Your Store Link,Completed
2026-04-01,Coffee Then Chaos,Wall Art,$28.00,$4.50,Full Price,Marketplace,Completed
2026-04-01,Introverts Unite Separately,T-Shirt,$24.00,$4.00,Full Price,Marketplace,Completed
2026-04-01,Book Dragon Hoarder,T-Shirt,$24.00,$4.00,Full Price,Marketplace,Completed
2026-04-02,Plant Mom Club,Hoodie,$45.00,$8.00,Full Price,Marketplace,Completed
2026-04-02,Pixel Art Mushroom,T-Shirt,$24.00,$4.00,Full Price,Marketplace,Completed
2026-04-03,Retro Sunset Cat,Hoodie,$45.00,$8.00,Full Price,Marketplace,Completed
2026-04-03,Plant Mom Club,Sticker,$4.00,$0.60,Full Price,Marketplace,Completed
2026-04-03,Introverts Unite Separately,Hoodie,$45.00,$8.00,Full Price,Marketplace,Completed
2026-04-03,Pixel Art Mushroom,T-Shirt,$24.00,$4.00,Full Price,Marketplace,Completed
2026-04-03,Book Dragon Hoarder,T-Shirt,$24.00,$4.00,Full Price,Marketplace,Completed
2026-04-04,Retro Sunset Cat,T-Shirt,$24.00,$4.00,Full Price,Marketplace,Completed
2026-04-04,Coffee Then Chaos,Sticker,$4.00,$0.60,Full Price,Marketplace,Completed
2026-04-04,Spooky Season Ghost Squad,Mug,$16.00,$2.00,Full Price,Marketplace,Completed
2026-04-04,Plant Mom Club,Sticker,$4.00,$0.60,Full Price,Marketplace,Completed
2026-04-04,Introverts Unite Separately,T-Shirt,$24.00,$4.00,Full Price,Marketplace,Completed
2026-04-04,Pixel Art Mushroom,T-Shirt,$24.00,$4.00,Full Price,Marketplace,Completed
2026-04-04,Book Dragon Hoarder,Sticker,$4.00,$0.60,Full Price,Marketplace,Completed
2026-04-05,Introverts Unite Separately,T-Shirt,$24.00,$4.00,Full Price,Marketplace,Completed
2026-04-05,Book Dragon Hoarder,T-Shirt,$24.00,$4.00,Full Price,Marketplace,Completed
2026-04-06,Retro Sunset Cat,Tank Top,$24.00,$4.00,Full Price,Your Store Link,Completed
2026-04-06,Plant Mom Club,T-Shirt,$24.00,$4.00,Full Price,Marketplace,Completed
2026-04-06,Introverts Unite Separately,T-Shirt,$24.00,$4.00,Full Price,Marketplace,Completed
2026-04-07,Plant Mom Club,Hoodie,$45.00,$8.00,Full Price,Marketplace,Completed
2026-04-07,Introverts Unite Separately,T-Shirt,$24.00,$4.00,Full Price,Marketplace,Completed
2026-04-08,Plant Mom Club,Hoodie,$45.00,$8.00,Full Price,Marketplace,Completed
2026-04-09,Retro Sunset Cat,T-Shirt,$24.00,$4.00,Full Price,Marketplace,Completed
2026-04-09,Plant Mom Club,T-Shirt,$24.00,$4.00,Full Price,Marketplace,Completed
2026-04-09,Pixel Art Mushroom,Hoodie,$45.00,$8.00,Full Price,Your Store Link,Completed
2026-04-09,Book Dragon Hoarder,Sticker,$4.00,$0.60,Full Price,Marketplace,Completed
2026-04-10,Ugly Sweater Llama,T-Shirt,$24.00,$4.00,Full Price,Marketplace,Completed
2026-04-11,Retro Sunset Cat,T-Shirt,$24.00,$4.00,Full Price,Your Store Link,Completed
2026-04-11,Coffee Then Chaos,Tank Top,$24.00,$4.00,Full Price,Your Store Link,Completed
2026-04-11,Plant Mom Club,Sticker,$4.00,$0.60,Full Price,Marketplace,Completed
2026-04-11,Introverts Unite Separately,Tank Top,$24.00,$4.00,Full Price,Marketplace,Completed
2026-04-11,Dad Joke Loading,Sticker,$4.00,$0.60,Full Price,Marketplace,Completed
2026-04-11,Book Dragon Hoarder,T-Shirt,$24.00,$4.00,Full Price,Marketplace,Completed
2026-04-12,Retro Sunset Cat,T-Shirt,$24.00,$4.00,Full Price,Marketplace,Completed
2026-04-12,Spooky Season Ghost Squad,Sticker,$4.00,$0.60,Full Price,Your Store Link,Completed
2026-04-12,Plant Mom Club,Mug,$16.00,$2.00,Full Price,Marketplace,Completed
2026-04-13,Retro Sunset Cat,T-Shirt,$24.00,$4.00,Full Price,Marketplace,Completed
2026-04-13,Coffee Then Chaos,T-Shirt,$24.00,$4.00,Full Price,Marketplace,Completed
2026-04-13,Plant Mom Club,T-Shirt,$24.00,$4.00,Full Price,Marketplace,Completed
2026-04-13,Dad Joke Loading,T-Shirt,$24.00,$4.00,Full Price,Marketplace,Completed
2026-04-13,Book Dragon Hoarder,Sticker,$4.00,$0.60,Full Price,Your Store Link,Completed
2026-04-14,Coffee Then Chaos,Sticker,$4.00,$0.60,Full Price,Marketplace,Completed
2026-04-14,Plant Mom Club,Phone Case,$22.00,$3.00,Full Price,Your Store Link,Completed
2026-04-14,Dad Joke Loading,Sticker,$4.00,$0.60,Full Price,Marketplace,Completed
2026-04-14,Ugly Sweater Llama,Tank Top,$24.00,$4.00,Full Price,Marketplace,Completed
2026-04-14,Book Dragon Hoarder,T-Shirt,$24.00,$4.00,Full Price,Marketplace,Completed
2026-04-15,Retro Sunset Cat,Sticker,$4.00,$0.60,Full Price,Marketplace,Completed
2026-04-15,Coffee Then Chaos,T-Shirt,$24.00,$4.00,Full Price,Marketplace,Completed
2026-04-15,Introverts Unite Separately,T-Shirt,$24.00,$4.00,Full Price,Marketplace,Completed
2026-04-15,Pixel Art Mushroom,T-Shirt,$24.00,$4.00,Full Price,Marketplace,Completed
2026-04-16,Coffee Then Chaos,T-Shirt,$24.00,$4.00,Full Price,Marketplace,Completed
2026-04-16,Spooky Season Ghost Squad,T-Shirt,$24.00,$4.00,Full Price,Marketplace,Completed
2026-04-16,Plant Mom Club,T-Shirt,$24.00,$4.00,Full Price,Marketplace,Completed
2026-04-16,Introverts Unite Separately,T-Shirt,$24.00,$4.00,Full Price,Marketplace,Completed
2026-04-16,Book Dragon Hoarder,T-Shirt,$24.00,$4.00,Full Price,Marketplace,Completed
2026-04-17,Spooky Season Ghost Squad,T-Shirt,$24.00,$4.00,Full Price,Marketplace,Completed
2026-04-17,Plant Mom Club,T-Shirt,$24.00,$4.00,Full Price,Marketplace,Completed
2026-04-17,Introverts Unite Separately,T-Shirt,$24.00,$4.00,Full Price,Marketplace,Completed
2026-04-17,Dad Joke Loading,T-Shirt,$24.00,$4.00,Full Price,Marketplace,Completed
2026-04-18,Retro Sunset Cat,Wall Art,$28.00,$4.50,Full Price,Your Store Link,Completed
2026-04-18,Coffee Then Chaos,T-Shirt,$24.00,$4.00,Full Price,Marketplace,Completed
2026-04-18,Dad Joke Loading,Wall Art,$28.00,$4.50,Full Price,Marketplace,Completed
2026-04-18,Pixel Art Mushroom,Phone Case,$22.00,$3.00,Full Price,Marketplace,Completed
2026-04-18,Book Dragon Hoarder,Phone Case,$22.00,$3.00,Full Price,Marketplace,Completed
2026-04-19,Coffee Then Chaos,Sticker,$4.00,$0.60,Full Price,Your Store Link,Completed
2026-04-19,Introverts Unite Separately,T-Shirt,$24.00,$4.00,Full Price,Marketplace,Completed
2026-04-19,Pixel Art Mushroom,Wall Art,$28.00,$4.50,Full Price,Marketplace,Completed
2026-04-19,Ugly Sweater Llama,T-Shirt,$24.00,$4.00,Full Price,Marketplace,Completed
2026-04-19,Book Dragon Hoarder,T-Shirt,$24.00,$4.00,Full Price,Marketplace,Completed
2026-04-20,Retro Sunset Cat,Sticker,$4.00,$0.60,Full Price,Marketplace,Completed
2026-04-20,Plant Mom Club,T-Shirt,$24.00,$4.00,Full Price,Your Store Link,Completed
2026-04-20,Introverts Unite Separately,Mug,$16.00,$2.00,Full Price,Your Store Link,Completed
2026-04-21,Coffee Then Chaos,T-Shirt,$24.00,$4.00,Full Price,Marketplace,Completed
2026-04-21,Introverts Unite Separately,Sticker,$4.00,$0.60,Full Price,Marketplace,Completed
2026-04-21,Dad Joke Loading,Tank Top,$24.00,$4.00,Full Price,Marketplace,Completed
2026-04-22,Retro Sunset Cat,Hoodie,$45.00,$8.00,Full Price,Marketplace,Completed
2026-04-22,Introverts Unite Separately,T-Shirt,$24.00,$4.00,Full Price,Marketplace,Completed
2026-04-23,Plant Mom Club,T-Shirt,$24.00,$4.00,Full Price,Marketplace,Completed
2026-04-23,Ugly Sweater Llama,Sticker,$4.00,$0.60,Full Price,Marketplace,Completed
2026-04-23,Book Dragon Hoarder,T-Shirt,$24.00,$4.00,Full Price,Marketplace,Completed
2026-04-24,Coffee Then Chaos,T-Shirt,$24.00,$4.00,Full Price,Marketplace,Completed
2026-04-24,Plant Mom Club,T-Shirt,$24.00,$4.00,Full Price,Marketplace,Completed
2026-04-24,Introverts Unite Separately,T-Shirt,$24.00,$4.00,Full Price,Marketplace,Completed
2026-04-24,Dad Joke Loading,Sticker,$4.00,$0.60,Full Price,Marketplace,Completed
2026-04-24,Book Dragon Hoarder,T-Shirt,$24.00,$4.00,Full Price,Marketplace,Completed
2026-04-25,Coffee Then Chaos,T-Shirt,$24.00,$4.00,Full Price,Marketplace,Completed
2026-04-25,Plant Mom Club,Sticker,$4.00,$0.60,Full Price,Marketplace,Completed
2026-04-25,Introverts Unite Separately,Sticker,$4.00,$0.60,Full Price,Your Store Link,Completed
2026-04-25,Book Dragon Hoarder,T-Shirt,$24.00,$4.00,Full Price,Your Store Link,Completed
2026-04-26,Coffee Then Chaos,T-Shirt,$24.00,$4.00,Full Price,Marketplace,Completed
2026-04-26,Plant Mom Club,Sticker,$4.00,$0.60,Full Price,Marketplace,Completed
2026-04-26,Introverts Unite Separately,T-Shirt,$24.00,$4.00,Full Price,Marketplace,Completed
2026-04-26,Book Dragon Hoarder,T-Shirt,$24.00,$4.00,Full Price,Marketplace,Completed
2026-04-27,Coffee Then Chaos,Sticker,$4.00,$0.60,Full Price,Marketplace,Completed
2026-04-27,Plant Mom Club,T-Shirt,$24.00,$4.00,Full Price,Your Store Link,Completed
2026-04-27,Book Dragon Hoarder,T-Shirt,$24.00,$4.00,Full Price,Marketplace,Completed
2026-04-28,Retro Sunset Cat,T-Shirt,$24.00,$4.00,Full Price,Marketplace,Completed
2026-04-28,Plant Mom Club,T-Shirt,$24.00,$4.00,Full Price,Marketplace,Completed
2026-04-28,Dad Joke Loading,T-Shirt,$24.00,$4.00,Full Price,Marketplace,Completed
2026-04-28,Book Dragon Hoarder,T-Shirt,$24.00,$4.00,Full Price,Your Store Link,Completed
2026-04-29,Coffee Then Chaos,T-Shirt,$24.00,$4.00,Full Price,Your Store Link,Completed
2026-04-29,Plant Mom Club,Wall Art,$28.00,$4.50,Full Price,Your Store Link,Completed
2026-04-29,Introverts Unite Separately,Hoodie,$45.00,$8.00,Full Price,Your Store Link,Completed
2026-04-30,Coffee Then Chaos,Phone Case,$22.00,$3.00,Full Price,Marketplace,Completed
2026-04-30,Book Dragon Hoarder,Hoodie,$45.00,$-8.00,Full Price,Your Store Link,Refunded
2026-05-01,Coffee Then Chaos,Mug,$16.00,$2.00,Full Price,Marketplace,Completed
2026-05-01,Plant Mom Club,Sticker,$4.00,$0.60,Full Price,Marketplace,Completed
2026-05-01,Plant Mom Club,Tank Top,$24.00,$4.00,Full Price,Marketplace,Completed
2026-05-02,Coffee Then Chaos,Mug,$16.00,$2.00,Full Price,Marketplace,Completed
2026-05-02,Plant Mom Club,T-Shirt,$24.00,$4.00,Full Price,Marketplace,Completed
2026-05-02,Dad Joke Loading,Mug,$16.00,$2.00,Full Price,Marketplace,Completed
2026-05-02,Pixel Art Mushroom,Sticker,$4.00,$0.60,Full Price,Marketplace,Completed
2026-05-02,Book Dragon Hoarder,Mug,$16.00,$2.00,Full Price,Your Store Link,Completed
2026-05-03,Coffee Then Chaos,Phone Case,$22.00,$3.00,Full Price,Marketplace,Completed
2026-05-03,Plant Mom Club,T-Shirt,$24.00,$4.00,Full Price,Your Store Link,Completed
2026-05-03,Dad Joke Loading,Hoodie,$45.00,$8.00,Full Price,Your Store Link,Completed
2026-05-03,Book Dragon Hoarder,Mug,$16.00,$2.00,Full Price,Marketplace,Completed
2026-05-04,Retro Sunset Cat,T-Shirt,$24.00,$4.00,Full Price,Marketplace,Completed
2026-05-04,Coffee Then Chaos,T-Shirt,$24.00,$4.00,Full Price,Marketplace,Completed
2026-05-04,Coffee Then Chaos,Mug,$16.00,$2.00,Full Price,Your Store Link,Completed
2026-05-04,Plant Mom Club,Hoodie,$45.00,$8.00,Full Price,Marketplace,Completed
2026-05-04,Book Dragon Hoarder,T-Shirt,$24.00,$4.00,Full Price,Marketplace,Completed
2026-05-05,Coffee Then Chaos,T-Shirt,$24.00,$4.00,Full Price,Marketplace,Completed
2026-05-05,Coffee Then Chaos,T-Shirt,$24.00,$4.00,Full Price,Your Store Link,Completed
2026-05-05,Plant Mom Club,Hoodie,$45.00,$8.00,Full Price,Marketplace,Completed
2026-05-05,Book Dragon Hoarder,Sticker,$4.00,$0.60,Full Price,Marketplace,Completed
2026-05-06,Coffee Then Chaos,T-Shirt,$24.00,$4.00,Full Price,Marketplace,Completed
2026-05-06,Coffee Then Chaos,T-Shirt,$24.00,$4.00,Full Price,Marketplace,Completed
2026-05-06,Plant Mom Club,Sticker,$4.00,$0.60,Full Price,Marketplace,Completed
2026-05-06,Introverts Unite Separately,T-Shirt,$24.00,$4.00,Full Price,Marketplace,Completed
2026-05-06,Book Dragon Hoarder,Sticker,$4.00,$0.60,Full Price,Marketplace,Completed
2026-05-07,Coffee Then Chaos,Sticker,$4.00,$0.60,Full Price,Marketplace,Completed
2026-05-07,Plant Mom Club,Sticker,$4.00,$0.60,Full Price,Marketplace,Completed
2026-05-07,Book Dragon Hoarder,Hoodie,$45.00,$8.00,Full Price,Marketplace,Completed
2026-05-08,Coffee Then Chaos,Tank Top,$24.00,$4.00,Full Price,Marketplace,Completed
2026-05-08,Coffee Then Chaos,T-Shirt,$24.00,$4.00,Full Price,Marketplace,Completed
2026-05-08,Plant Mom Club,Sticker,$4.00,$0.60,Full Price,Your Store Link,Completed
2026-05-08,Introverts Unite Separately,Hoodie,$45.00,$8.00,Full Price,Marketplace,Completed
2026-05-08,Pixel Art Mushroom,T-Shirt,$24.00,$4.00,Full Price,Marketplace,Completed
2026-05-09,Coffee Then Chaos,T-Shirt,$24.00,$4.00,Full Price,Marketplace,Completed
2026-05-09,Plant Mom Club,Wall Art,$28.00,$4.50,Full Price,Marketplace,Completed
2026-05-09,Book Dragon Hoarder,Tank Top,$24.00,$4.00,Full Price,Marketplace,Completed
2026-05-10,Coffee Then Chaos,Hoodie,$45.00,$8.00,Full Price,Marketplace,Completed
2026-05-10,Plant Mom Club,T-Shirt,$24.00,$4.00,Full Price,Marketplace,Completed
2026-05-10,Dad Joke Loading,Sticker,$4.00,$0.60,Full Price,Marketplace,Completed
2026-05-10,Pixel Art Mushroom,T-Shirt,$24.00,$4.00,Full Price,Marketplace,Completed
2026-05-11,Coffee Then Chaos,Hoodie,$45.00,$8.00,Full Price,Marketplace,Completed
2026-05-11,Plant Mom Club,Hoodie,$45.00,$8.00,Full Price,Your Store Link,Completed
2026-05-11,Plant Mom Club,T-Shirt,$24.00,$4.00,Full Price,Your Store Link,Completed
2026-05-11,Introverts Unite Separately,Sticker,$4.00,$0.60,Full Price,Marketplace,Completed
2026-05-11,Book Dragon Hoarder,Sticker,$4.00,$0.60,Full Price,Marketplace,Completed
2026-05-12,Coffee Then Chaos,T-Shirt,$24.00,$4.00,Full Price,Marketplace,Completed
2026-05-12,Spooky Season Ghost Squad,T-Shirt,$24.00,$4.00,Full Price,Marketplace,Completed
2026-05-12,Plant Mom Club,T-Shirt,$24.00,$4.00,Full Price,Marketplace,Completed
2026-05-12,Dad Joke Loading,T-Shirt,$24.00,$4.00,Full Price,Marketplace,Completed
2026-05-13,Retro Sunset Cat,Sticker,$4.00,$0.60,Full Price,Marketplace,Completed
2026-05-13,Coffee Then Chaos,Hoodie,$45.00,$8.00,Full Price,Marketplace,Completed
2026-05-13,Coffee Then Chaos,T-Shirt,$24.00,$4.00,Full Price,Your Store Link,Completed
2026-05-13,Plant Mom Club,T-Shirt,$24.00,$4.00,Full Price,Your Store Link,Completed
2026-05-13,Plant Mom Club,T-Shirt,$24.00,$4.00,Full Price,Marketplace,Completed
2026-05-13,Book Dragon Hoarder,T-Shirt,$24.00,$4.00,Full Price,Marketplace,Completed
2026-05-14,Coffee Then Chaos,T-Shirt,$24.00,$4.00,Full Price,Marketplace,Completed
2026-05-14,Spooky Season Ghost Squad,T-Shirt,$24.00,$4.00,Full Price,Marketplace,Completed
2026-05-14,Plant Mom Club,Tank Top,$24.00,$4.00,Full Price,Marketplace,Completed
2026-05-14,Plant Mom Club,Sticker,$4.00,$0.60,Full Price,Marketplace,Completed
2026-05-14,Introverts Unite Separately,Sticker,$4.00,$0.60,Full Price,Marketplace,Completed
2026-05-14,Pixel Art Mushroom,T-Shirt,$24.00,$4.00,Full Price,Marketplace,Completed
2026-05-14,Book Dragon Hoarder,Tank Top,$24.00,$4.00,Full Price,Marketplace,Completed
2026-05-15,Coffee Then Chaos,T-Shirt,$24.00,$4.00,Full Price,Your Store Link,Completed
2026-05-15,Plant Mom Club,Sticker,$4.00,$0.60,Full Price,Marketplace,Completed
2026-05-15,Pixel Art Mushroom,Hoodie,$45.00,$8.00,Full Price,Marketplace,Completed
2026-05-15,Book Dragon Hoarder,T-Shirt,$24.00,$4.00,Full Price,Marketplace,Completed
2026-05-16,Coffee Then Chaos,T-Shirt,$24.00,$4.00,Full Price,Marketplace,Completed
2026-05-16,Plant Mom Club,Sticker,$4.00,$0.60,Full Price,Marketplace,Completed
2026-05-16,Introverts Unite Separately,T-Shirt,$24.00,$-4.00,Full Price,Marketplace,Refunded
2026-05-16,Pixel Art Mushroom,Sticker,$4.00,$0.60,Full Price,Marketplace,Completed
2026-05-16,Book Dragon Hoarder,T-Shirt,$24.00,$4.00,Full Price,Marketplace,Completed
2026-05-17,Coffee Then Chaos,T-Shirt,$24.00,$4.00,Full Price,Your Store Link,Completed
2026-05-17,Plant Mom Club,Sticker,$4.00,$0.60,Full Price,Marketplace,Completed
2026-05-17,Book Dragon Hoarder,Sticker,$4.00,$0.60,Full Price,Your Store Link,Completed
2026-05-18,Retro Sunset Cat,T-Shirt,$24.00,$4.00,Full Price,Marketplace,Completed
2026-05-18,Coffee Then Chaos,T-Shirt,$24.00,$4.00,Full Price,Marketplace,Completed
2026-05-18,Spooky Season Ghost Squad,T-Shirt,$24.00,$4.00,Full Price,Marketplace,Completed
2026-05-18,Plant Mom Club,Sticker,$4.00,$0.60,Full Price,Marketplace,Completed
2026-05-19,Coffee Then Chaos,T-Shirt,$24.00,$4.00,Full Price,Marketplace,Completed
2026-05-19,Plant Mom Club,Sticker,$4.00,$0.60,Full Price,Marketplace,Completed
2026-05-19,Plant Mom Club,T-Shirt,$24.00,$4.00,Full Price,Your Store Link,Completed
2026-05-19,Dad Joke Loading,Tank Top,$24.00,$4.00,Full Price,Marketplace,Completed
2026-05-19,Book Dragon Hoarder,Sticker,$4.00,$0.60,Full Price,Marketplace,Completed
2026-05-20,Retro Sunset Cat,T-Shirt,$14.40,$2.00,Sale,Marketplace,Completed
2026-05-20,Coffee Then Chaos,T-Shirt,$14.40,$2.00,Sale,Marketplace,Completed
2026-05-20,Coffee Then Chaos,Tank Top,$14.40,$2.00,Sale,Marketplace,Completed
2026-05-20,Coffee Then Chaos,Sticker,$2.40,$0.30,Sale,Marketplace,Completed
2026-05-20,Coffee Then Chaos,T-Shirt,$14.40,$2.00,Sale,Your Store Link,Completed
2026-05-20,Spooky Season Ghost Squad,Tank Top,$14.40,$2.00,Sale,Marketplace,Completed
2026-05-20,Plant Mom Club,T-Shirt,$14.40,$2.00,Sale,Marketplace,Completed
2026-05-20,Plant Mom Club,Sticker,$2.40,$0.30,Sale,Marketplace,Completed
2026-05-20,Plant Mom Club,T-Shirt,$14.40,$2.00,Sale,Marketplace,Completed
2026-05-20,Introverts Unite Separately,T-Shirt,$14.40,$2.00,Sale,Your Store Link,Completed
2026-05-20,Dad Joke Loading,T-Shirt,$14.40,$2.00,Sale,Your Store Link,Completed
2026-05-20,Pixel Art Mushroom,Hoodie,$27.00,$4.00,Sale,Marketplace,Completed
2026-05-20,Book Dragon Hoarder,T-Shirt,$14.40,$2.00,Sale,Marketplace,Completed
2026-05-20,Book Dragon Hoarder,Mug,$9.60,$1.00,Sale,Marketplace,Completed
2026-05-21,Retro Sunset Cat,T-Shirt,$14.40,$2.00,Sale,Marketplace,Completed
2026-05-21,Coffee Then Chaos,Tank Top,$14.40,$2.00,Sale,Marketplace,Completed
2026-05-21,Coffee Then Chaos,T-Shirt,$14.40,$2.00,Sale,Marketplace,Completed
2026-05-21,Coffee Then Chaos,T-Shirt,$14.40,$2.00,Sale,Marketplace,Completed
2026-05-21,Coffee Then Chaos,Mug,$9.60,$1.00,Sale,Marketplace,Completed
2026-05-21,Plant Mom Club,Tank Top,$14.40,$2.00,Sale,Your Store Link,Completed
2026-05-21,Plant Mom Club,T-Shirt,$14.40,$2.00,Sale,Your Store Link,Completed
2026-05-21,Plant Mom Club,Sticker,$2.40,$0.30,Sale,Marketplace,Completed
2026-05-21,Plant Mom Club,T-Shirt,$14.40,$2.00,Sale,Marketplace,Completed
2026-05-21,Introverts Unite Separately,T-Shirt,$14.40,$2.00,Sale,Your Store Link,Completed
2026-05-21,Dad Joke Loading,Sticker,$2.40,$0.30,Sale,Marketplace,Completed
2026-05-21,Pixel Art Mushroom,Mug,$9.60,$1.00,Sale,Marketplace,Completed
2026-05-21,Book Dragon Hoarder,T-Shirt,$14.40,$2.00,Sale,Your Store Link,Completed
2026-05-21,Book Dragon Hoarder,Sticker,$2.40,$0.30,Sale,Marketplace,Completed
2026-05-22,Retro Sunset Cat,Hoodie,$27.00,$4.00,Sale,Marketplace,Completed
2026-05-22,Coffee Then Chaos,T-Shirt,$14.40,$2.00,Sale,Marketplace,Completed
2026-05-22,Coffee Then Chaos,Mug,$9.60,$1.00,Sale,Marketplace,Completed
2026-05-22,Coffee Then Chaos,Hoodie,$27.00,$4.00,Sale,Marketplace,Completed
2026-05-22,Coffee Then Chaos,T-Shirt,$14.40,$2.00,Sale,Marketplace,Completed
2026-05-22,Plant Mom Club,T-Shirt,$14.40,$2.00,Sale,Marketplace,Completed
2026-05-22,Plant Mom Club,T-Shirt,$14.40,$2.00,Sale,Marketplace,Completed
2026-05-22,Plant Mom Club,T-Shirt,$14.40,$2.00,Sale,Your Store Link,Completed
2026-05-22,Introverts Unite Separately,T-Shirt,$14.40,$2.00,Sale,Marketplace,Completed
2026-05-22,Dad Joke Loading,Sticker,$2.40,$0.30,Sale,Marketplace,Completed
2026-05-22,Pixel Art Mushroom,Sticker,$2.40,$0.30,Sale,Marketplace,Completed
2026-05-22,Book Dragon Hoarder,T-Shirt,$14.40,$2.00,Sale,Marketplace,Completed
2026-05-22,Book Dragon Hoarder,T-Shirt,$14.40,$2.00,Sale,Your Store Link,Completed
2026-05-23,Retro Sunset Cat,Tank Top,$24.00,$4.00,Full Price,Marketplace,Completed
2026-05-23,Coffee Then Chaos,T-Shirt,$24.00,$4.00,Full Price,Marketplace,Completed
2026-05-23,Plant Mom Club,T-Shirt,$24.00,$4.00,Full Price,Marketplace,Completed
2026-05-23,Ugly Sweater Llama,Sticker,$4.00,$0.60,Full Price,Your Store Link,Completed
2026-05-23,Book Dragon Hoarder,Hoodie,$45.00,$8.00,Full Price,Marketplace,Completed
2026-05-24,Coffee Then Chaos,Sticker,$4.00,$0.60,Full Price,Marketplace,Completed
2026-05-24,Coffee Then Chaos,T-Shirt,$24.00,$4.00,Full Price,Marketplace,Completed
2026-05-24,Plant Mom Club,T-Shirt,$24.00,$4.00,Full Price,Marketplace,Completed
2026-05-24,Introverts Unite Separately,T-Shirt,$24.00,$4.00,Full Price,Marketplace,Completed
2026-05-24,Book Dragon Hoarder,Phone Case,$22.00,$3.00,Full Price,Marketplace,Completed
2026-05-25,Coffee Then Chaos,Sticker,$4.00,$0.60,Full Price,Marketplace,Completed
2026-05-25,Coffee Then Chaos,Sticker,$4.00,$0.60,Full Price,Marketplace,Completed
2026-05-25,Plant Mom Club,T-Shirt,$24.00,$4.00,Full Price,Marketplace,Completed
2026-05-25,Introverts Unite Separately,Mug,$16.00,$2.00,Full Price,Marketplace,Completed
2026-05-25,Dad Joke Loading,Phone Case,$22.00,$3.00,Full Price,Your Store Link,Completed
2026-05-26,Coffee Then Chaos,Mug,$16.00,$2.00,Full Price,Marketplace,Completed
2026-05-26,Plant Mom Club,Hoodie,$45.00,$8.00,Full Price,Marketplace,Completed
2026-05-26,Plant Mom Club,Sticker,$4.00,$0.60,Full Price,Marketplace,Completed
2026-05-26,Introverts Unite Separately,Sticker,$4.00,$0.60,Full Price,Marketplace,Completed
2026-05-26,Dad Joke Loading,T-Shirt,$24.00,$4.00,Full Price,Marketplace,Completed
2026-05-26,Book Dragon Hoarder,T-Shirt,$24.00,$4.00,Full Price,Marketplace,Completed
2026-05-27,Coffee Then Chaos,Sticker,$4.00,$0.60,Full Price,Marketplace,Completed
2026-05-27,Coffee Then Chaos,T-Shirt,$24.00,$4.00,Full Price,Marketplace,Completed
2026-05-27,Plant Mom Club,Wall Art,$28.00,$4.50,Full Price,Marketplace,Completed
2026-05-27,Book Dragon Hoarder,T-Shirt,$24.00,$4.00,Full Price,Your Store Link,Completed
2026-05-28,Coffee Then Chaos,Phone Case,$22.00,$3.00,Full Price,Marketplace,Completed
2026-05-28,Plant Mom Club,T-Shirt,$24.00,$4.00,Full Price,Marketplace,Completed
2026-05-28,Book Dragon Hoarder,Sticker,$4.00,$0.60,Full Price,Marketplace,Completed
2026-05-29,Coffee Then Chaos,Hoodie,$45.00,$8.00,Full Price,Marketplace,Completed
2026-05-29,Plant Mom Club,T-Shirt,$24.00,$4.00,Full Price,Marketplace,Completed
2026-05-29,Dad Joke Loading,T-Shirt,$24.00,$4.00,Full Price,Your Store Link,Completed
2026-05-29,Pixel Art Mushroom,T-Shirt,$24.00,$4.00,Full Price,Marketplace,Completed
2026-05-29,Book Dragon Hoarder,Phone Case,$22.00,$3.00,Full Price,Marketplace,Completed
2026-05-30,Coffee Then Chaos,Sticker,$4.00,$0.60,Full Price,Marketplace,Completed
2026-05-30,Spooky Season Ghost Squad,T-Shirt,$24.00,$4.00,Full Price,Marketplace,Completed
2026-05-30,Plant Mom Club,Mug,$16.00,$2.00,Full Price,Marketplace,Completed
2026-05-30,Plant Mom Club,T-Shirt,$24.00,$4.00,Full Price,Marketplace,Completed
2026-05-30,Book Dragon Hoarder,T-Shirt,$24.00,$4.00,Full Price,Marketplace,Completed
2026-05-31,Retro Sunset Cat,T-Shirt,$24.00,$4.00,Full Price,Marketplace,Completed
2026-05-31,Coffee Then Chaos,T-Shirt,$24.00,$4.00,Full Price,Marketplace,Completed
2026-05-31,Coffee Then Chaos,Sticker,$4.00,$0.60,Full Price,Marketplace,Completed
2026-05-31,Plant Mom Club,T-Shirt,$24.00,$4.00,Full Price,Marketplace,Completed
2026-06-01,Introverts Unite Separately,T-Shirt,$24.00,$4.00,Full Price,Marketplace,Completed
2026-06-01,Dad Joke Loading,Hoodie,$45.00,$8.00,Full Price,Marketplace,Completed
2026-06-01,Dad Joke Loading,Phone Case,$22.00,$3.00,Full Price,Marketplace,Completed
2026-06-01,Book Dragon Hoarder,Sticker,$4.00,$0.60,Full Price,Marketplace,Completed
2026-06-02,Retro Sunset Cat,Sticker,$4.00,$0.60,Full Price,Marketplace,Completed
2026-06-02,Plant Mom Club,T-Shirt,$24.00,$4.00,Full Price,Marketplace,Completed
2026-06-02,Dad Joke Loading,T-Shirt,$24.00,$4.00,Full Price,Marketplace,Completed
2026-06-02,Book Dragon Hoarder,T-Shirt,$24.00,$4.00,Full Price,Marketplace,Completed
2026-06-03,Plant Mom Club,T-Shirt,$24.00,$4.00,Full Price,Marketplace,Completed
2026-06-03,Introverts Unite Separately,T-Shirt,$24.00,$4.00,Full Price,Marketplace,Completed
2026-06-03,Dad Joke Loading,T-Shirt,$24.00,$4.00,Full Price,Marketplace,Completed
2026-06-03,Book Dragon Hoarder,T-Shirt,$24.00,$4.00,Full Price,Marketplace,Completed
2026-06-04,Coffee Then Chaos,Sticker,$4.00,$0.60,Full Price,Marketplace,Completed
2026-06-04,Introverts Unite Separately,Hoodie,$45.00,$8.00,Full Price,Marketplace,Completed
2026-06-04,Dad Joke Loading,Sticker,$4.00,$0.60,Full Price,Marketplace,Completed
2026-06-04,Book Dragon Hoarder,Phone Case,$22.00,$3.00,Full Price,Marketplace,Completed
2026-06-05,Coffee Then Chaos,T-Shirt,$24.00,$4.00,Full Price,Marketplace,Completed
2026-06-05,Plant Mom Club,Wall Art,$28.00,$4.50,Full Price,Marketplace,Completed
2026-06-05,Introverts Unite Separately,Phone Case,$22.00,$3.00,Full Price,Marketplace,Completed
2026-06-05,Dad Joke Loading,Sticker,$4.00,$0.60,Full Price,Marketplace,Completed
2026-06-05,Book Dragon Hoarder,Wall Art,$28.00,$4.50,Full Price,Marketplace,Completed
2026-06-06,Retro Sunset Cat,T-Shirt,$24.00,$4.00,Full Price,Marketplace,Completed
2026-06-06,Dad Joke Loading,Hoodie,$45.00,$8.00,Full Price,Your Store Link,Completed
2026-06-06,Book Dragon Hoarder,T-Shirt,$24.00,$4.00,Full Price,Marketplace,Completed
2026-06-07,Plant Mom Club,T-Shirt,$24.00,$4.00,Full Price,Marketplace,Completed
2026-06-07,Dad Joke Loading,T-Shirt,$24.00,$4.00,Full Price,Marketplace,Completed
2026-06-07,Book Dragon Hoarder,Sticker,$4.00,$0.60,Full Price,Your Store Link,Completed
2026-06-08,Coffee Then Chaos,Sticker,$4.00,$0.60,Full Price,Marketplace,Completed
2026-06-08,Spooky Season Ghost Squad,Hoodie,$45.00,$8.00,Full Price,Marketplace,Completed
2026-06-08,Plant Mom Club,Wall Art,$28.00,$4.50,Full Price,Marketplace,Completed
2026-06-08,Introverts Unite Separately,Phone Case,$22.00,$3.00,Full Price,Marketplace,Completed
2026-06-08,Dad Joke Loading,T-Shirt,$24.00,$4.00,Full Price,Marketplace,Completed
2026-06-08,Book Dragon Hoarder,T-Shirt,$24.00,$4.00,Full Price,Your Store Link,Completed
2026-06-09,Coffee Then Chaos,T-Shirt,$24.00,$4.00,Full Price,Marketplace,Completed
2026-06-09,Plant Mom Club,Wall Art,$28.00,$4.50,Full Price,Marketplace,Completed
2026-06-09,Introverts Unite Separately,T-Shirt,$24.00,$4.00,Full Price,Marketplace,Completed
2026-06-09,Dad Joke Loading,T-Shirt,$24.00,$4.00,Full Price,Marketplace,Completed
2026-06-09,Book Dragon Hoarder,Mug,$16.00,$2.00,Full Price,Your Store Link,Completed
2026-06-10,Retro Sunset Cat,Mug,$16.00,$2.00,Full Price,Marketplace,Completed
2026-06-10,Coffee Then Chaos,Mug,$16.00,$2.00,Full Price,Marketplace,Completed
2026-06-10,Plant Mom Club,T-Shirt,$24.00,$4.00,Full Price,Marketplace,Completed
2026-06-10,Dad Joke Loading,T-Shirt,$24.00,$4.00,Full Price,Marketplace,Completed
2026-06-10,Dad Joke Loading,Phone Case,$22.00,$3.00,Full Price,Marketplace,Completed
2026-06-10,Ugly Sweater Llama,Tank Top,$24.00,$4.00,Full Price,Marketplace,Completed
2026-06-11,Coffee Then Chaos,T-Shirt,$24.00,$4.00,Full Price,Marketplace,Completed
2026-06-11,Dad Joke Loading,Wall Art,$28.00,$4.50,Full Price,Marketplace,Completed
2026-06-11,Ugly Sweater Llama,Wall Art,$28.00,$4.50,Full Price,Marketplace,Completed
2026-06-11,Book Dragon Hoarder,Wall Art,$28.00,$4.50,Full Price,Marketplace,Completed
2026-06-12,Retro Sunset Cat,T-Shirt,$24.00,$4.00,Full Price,Marketplace,Completed
2026-06-12,Coffee Then Chaos,Tank Top,$24.00,$4.00,Full Price,Your Store Link,Completed
2026-06-12,Introverts Unite Separately,T-Shirt,$24.00,$4.00,Full Price,Marketplace,Completed
2026-06-12,Dad Joke Loading,T-Shirt,$24.00,$4.00,Full Price,Marketplace,Completed
2026-06-12,Ugly Sweater Llama,T-Shirt,$24.00,$4.00,Full Price,Marketplace,Completed
2026-06-12,Book Dragon Hoarder,Sticker,$4.00,$0.60,Full Price,Marketplace,Completed
2026-06-13,Retro Sunset Cat,T-Shirt,$24.00,$4.00,Full Price,Marketplace,Completed
2026-06-13,Coffee Then Chaos,Hoodie,$45.00,$8.00,Full Price,Marketplace,Completed
2026-06-13,Plant Mom Club,Sticker,$4.00,$0.60,Full Price,Your Store Link,Completed
2026-06-13,Dad Joke Loading,T-Shirt,$24.00,$4.00,Full Price,Marketplace,Completed
2026-06-13,Dad Joke Loading,Mug,$16.00,$2.00,Full Price,Your Store Link,Completed
2026-06-14,Coffee Then Chaos,Tank Top,$24.00,$4.00,Full Price,Marketplace,Completed
2026-06-14,Plant Mom Club,Mug,$16.00,$2.00,Full Price,Marketplace,Completed
2026-06-14,Dad Joke Loading,T-Shirt,$24.00,$4.00,Full Price,Marketplace,Completed
2026-06-14,Book Dragon Hoarder,T-Shirt,$24.00,$4.00,Full Price,Marketplace,Completed
2026-06-15,Coffee Then Chaos,Hoodie,$45.00,$8.00,Full Price,Marketplace,Completed
2026-06-15,Plant Mom Club,T-Shirt,$24.00,$4.00,Full Price,Marketplace,Completed
2026-06-15,Dad Joke Loading,T-Shirt,$24.00,$4.00,Full Price,Marketplace,Completed
2026-06-16,Coffee Then Chaos,Wall Art,$28.00,$4.50,Full Price,Marketplace,Completed
2026-06-16,Plant Mom Club,T-Shirt,$24.00,$4.00,Full Price,Marketplace,Completed
2026-06-16,Introverts Unite Separately,T-Shirt,$24.00,$4.00,Full Price,Marketplace,Completed
2026-06-16,Dad Joke Loading,T-Shirt,$24.00,$4.00,Full Price,Marketplace,Completed
2026-06-16,Ugly Sweater Llama,Mug,$16.00,$2.00,Full Price,Marketplace,Completed
2026-06-16,Book Dragon Hoarder,T-Shirt,$24.00,$4.00,Full Price,Marketplace,Completed
2026-06-17,Coffee Then Chaos,T-Shirt,$24.00,$4.00,Full Price,Marketplace,Completed
2026-06-17,Plant Mom Club,T-Shirt,$24.00,$4.00,Full Price,Marketplace,Completed
2026-06-17,Dad Joke Loading,Sticker,$4.00,$0.60,Full Price,Marketplace,Completed
2026-06-18,Retro Sunset Cat,T-Shirt,$24.00,$4.00,Full Price,Marketplace,Completed
2026-06-18,Dad Joke Loading,T-Shirt,$24.00,$4.00,Full Price,Marketplace,Completed
2026-06-18,Ugly Sweater Llama,T-Shirt,$24.00,$4.00,Full Price,Marketplace,Completed
2026-06-18,Book Dragon Hoarder,Phone Case,$22.00,$3.00,Full Price,Your Store Link,Completed
2026-06-19,Coffee Then Chaos,Mug,$16.00,$2.00,Full Price,Marketplace,Completed
2026-06-19,Spooky Season Ghost Squad,Mug,$16.00,$2.00,Full Price,Marketplace,Completed
2026-06-19,Plant Mom Club,Mug,$16.00,$2.00,Full Price,Marketplace,Completed
2026-06-19,Dad Joke Loading,T-Shirt,$24.00,$4.00,Full Price,Your Store Link,Completed
2026-06-19,Book Dragon Hoarder,Tank Top,$24.00,$4.00,Full Price,Your Store Link,Completed
2026-06-20,Retro Sunset Cat,T-Shirt,$24.00,$4.00,Full Price,Marketplace,Completed
2026-06-20,Coffee Then Chaos,Sticker,$4.00,$-0.60,Full Price,Marketplace,Refunded
2026-06-20,Dad Joke Loading,T-Shirt,$24.00,$4.00,Full Price,Your Store Link,Completed
2026-06-20,Book Dragon Hoarder,T-Shirt,$24.00,$4.00,Full Price,Marketplace,Completed
2026-06-21,Coffee Then Chaos,Phone Case,$22.00,$3.00,Full Price,Marketplace,Completed
2026-06-21,Spooky Season Ghost Squad,Wall Art,$28.00,$4.50,Full Price,Marketplace,Completed
2026-06-21,Introverts Unite Separately,T-Shirt,$24.00,$4.00,Full Price,Your Store Link,Completed
2026-06-21,Dad Joke Loading,Sticker,$4.00,$0.60,Full Price,Marketplace,Completed
2026-06-21,Book Dragon Hoarder,T-Shirt,$24.00,$4.00,Full Price,Marketplace,Completed
2026-06-22,Coffee Then Chaos,Sticker,$4.00,$0.60,Full Price,Marketplace,Completed
2026-06-22,Plant Mom Club,T-Shirt,$24.00,$4.00,Full Price,Your Store Link,Completed
2026-06-22,Introverts Unite Separately,Hoodie,$45.00,$8.00,Full Price,Your Store Link,Completed
2026-06-22,Dad Joke Loading,T-Shirt,$24.00,$4.00,Full Price,Marketplace,Completed
2026-06-22,Book Dragon Hoarder,Mug,$16.00,$2.00,Full Price,Marketplace,Completed
2026-06-23,Introverts Unite Separately,Hoodie,$45.00,$8.00,Full Price,Marketplace,Completed
2026-06-23,Dad Joke Loading,T-Shirt,$24.00,$4.00,Full Price,Marketplace,Completed
2026-06-23,Book Dragon Hoarder,Sticker,$4.00,$0.60,Full Price,Marketplace,Completed
2026-06-24,Retro Sunset Cat,T-Shirt,$24.00,$4.00,Full Price,Marketplace,Completed
2026-06-24,Plant Mom Club,Sticker,$4.00,$0.60,Full Price,Marketplace,Completed
2026-06-24,Dad Joke Loading,Phone Case,$22.00,$3.00,Full Price,Marketplace,Completed
2026-06-24,Book Dragon Hoarder,Sticker,$4.00,$0.60,Full Price,Marketplace,Completed
2026-06-25,Coffee Then Chaos,Sticker,$4.00,$0.60,Full Price,Your Store Link,Completed
2026-06-25,Introverts Unite Separately,Wall Art,$28.00,$4.50,Full Price,Marketplace,Completed
2026-06-25,Dad Joke Loading,T-Shirt,$24.00,$4.00,Full Price,Marketplace,Completed
2026-06-25,Pixel Art Mushroom,Phone Case,$22.00,$3.00,Full Price,Marketplace,Completed
2026-06-25,Book Dragon Hoarder,T-Shirt,$24.00,$4.00,Full Price,Marketplace,Completed
2026-06-26,Plant Mom Club,Hoodie,$45.00,$8.00,Full Price,Your Store Link,Completed
2026-06-26,Introverts Unite Separately,T-Shirt,$24.00,$4.00,Full Price,Marketplace,Completed
2026-06-26,Dad Joke Loading,Hoodie,$45.00,$8.00,Full Price,Marketplace,Completed
2026-06-27,Retro Sunset Cat,T-Shirt,$24.00,$4.00,Full Price,Marketplace,Completed
2026-06-27,Coffee Then Chaos,Phone Case,$22.00,$3.00,Full Price,Marketplace,Completed
2026-06-27,Dad Joke Loading,Sticker,$4.00,$0.60,Full Price,Marketplace,Completed
2026-06-28,Coffee Then Chaos,Sticker,$4.00,$0.60,Full Price,Marketplace,Completed
2026-06-28,Introverts Unite Separately,T-Shirt,$24.00,$4.00,Full Price,Marketplace,Completed
2026-06-28,Dad Joke Loading,T-Shirt,$24.00,$4.00,Full Price,Marketplace,Completed
2026-06-28,Book Dragon Hoarder,T-Shirt,$24.00,$4.00,Full Price,Marketplace,Completed
2026-06-29,Coffee Then Chaos,T-Shirt,$24.00,$4.00,Full Price,Marketplace,Completed
2026-06-29,Plant Mom Club,T-Shirt,$24.00,$4.00,Full Price,Your Store Link,Completed
2026-06-29,Dad Joke Loading,Sticker,$4.00,$0.60,Full Price,Marketplace,Completed
2026-06-29,Ugly Sweater Llama,Wall Art,$28.00,$4.50,Full Price,Marketplace,Completed
2026-06-29,Book Dragon Hoarder,T-Shirt,$24.00,$4.00,Full Price,Marketplace,Completed
2026-06-30,Retro Sunset Cat,Tank Top,$24.00,$4.00,Full Price,Marketplace,Completed
2026-06-30,Spooky Season Ghost Squad,Sticker,$4.00,$0.60,Full Price,Marketplace,Completed
2026-06-30,Dad Joke Loading,Tank Top,$24.00,$4.00,Full Price,Marketplace,Completed
2026-06-30,Dad Joke Loading,Hoodie,$45.00,$8.00,Full Price,Marketplace,Completed
2026-06-30,Pixel Art Mushroom,Mug,$16.00,$2.00,Full Price,Your Store Link,Completed
2026-07-01,Coffee Then Chaos,T-Shirt,$24.00,$4.00,Full Price,Your Store Link,Completed
2026-07-01,Introverts Unite Separately,T-Shirt,$24.00,$4.00,Full Price,Marketplace,Completed
2026-07-01,Pixel Art Mushroom,Sticker,$4.00,$0.60,Full Price,Marketplace,Completed
2026-07-02,Retro Sunset Cat,Sticker,$4.00,$0.60,Full Price,Marketplace,Completed
2026-07-02,Coffee Then Chaos,Tank Top,$24.00,$4.00,Full Price,Marketplace,Completed
2026-07-02,Plant Mom Club,T-Shirt,$24.00,$4.00,Full Price,Marketplace,Completed
2026-07-02,Introverts Unite Separately,T-Shirt,$24.00,$4.00,Full Price,Marketplace,Completed
2026-07-03,Book Dragon Hoarder,Mug,$16.00,$2.00,Full Price,Marketplace,Completed
2026-07-04,Retro Sunset Cat,Sticker,$2.40,$0.30,Sale,Your Store Link,Completed
2026-07-04,Coffee Then Chaos,Tank Top,$14.40,$2.00,Sale,Your Store Link,Completed
2026-07-04,Plant Mom Club,Hoodie,$27.00,$4.00,Sale,Your Store Link,Completed
2026-07-04,Introverts Unite Separately,Sticker,$2.40,$0.30,Sale,Marketplace,Completed
2026-07-04,Dad Joke Loading,T-Shirt,$14.40,$2.00,Sale,Your Store Link,Completed
2026-07-04,Pixel Art Mushroom,T-Shirt,$14.40,$2.00,Sale,Marketplace,Completed
2026-07-04,Book Dragon Hoarder,Sticker,$2.40,$0.30,Sale,Marketplace,Completed
2026-07-04,Book Dragon Hoarder,Hoodie,$27.00,$4.00,Sale,Marketplace,Completed
2026-07-05,Retro Sunset Cat,Tank Top,$14.40,$2.00,Sale,Marketplace,Completed
2026-07-05,Coffee Then Chaos,Wall Art,$16.80,$2.25,Sale,Marketplace,Completed
2026-07-05,Spooky Season Ghost Squad,Tank Top,$14.40,$2.00,Sale,Marketplace,Completed
2026-07-05,Plant Mom Club,Mug,$9.60,$1.00,Sale,Your Store Link,Completed
2026-07-05,Introverts Unite Separately,T-Shirt,$14.40,$2.00,Sale,Marketplace,Completed
2026-07-05,Dad Joke Loading,Mug,$9.60,$1.00,Sale,Marketplace,Completed
2026-07-05,Pixel Art Mushroom,Hoodie,$27.00,$4.00,Sale,Your Store Link,Completed
2026-07-05,Book Dragon Hoarder,T-Shirt,$14.40,$2.00,Sale,Marketplace,Completed
2026-07-05,Book Dragon Hoarder,T-Shirt,$14.40,$2.00,Sale,Marketplace,Completed
2026-07-06,Coffee Then Chaos,T-Shirt,$24.00,$4.00,Full Price,Marketplace,Completed
2026-07-06,Pixel Art Mushroom,Mug,$16.00,$2.00,Full Price,Marketplace,Completed
2026-07-06,Book Dragon Hoarder,T-Shirt,$24.00,$4.00,Full Price,Marketplace,Completed
2026-07-07,Introverts Unite Separately,T-Shirt,$24.00,$4.00,Full Price,Marketplace,Completed
2026-07-07,Dad Joke Loading,Sticker,$4.00,$0.60,Full Price,Your Store Link,Completed
2026-07-07,Book Dragon Hoarder,T-Shirt,$24.00,$4.00,Full Price,Marketplace,Completed
2026-07-08,Coffee Then Chaos,Sticker,$4.00,$0.60,Full Price,Marketplace,Completed
2026-07-08,Spooky Season Ghost Squad,T-Shirt,$24.00,$4.00,Full Price,Marketplace,Completed
2026-07-08,Book Dragon Hoarder,Sticker,$4.00,$0.60,Full Price,Marketplace,Completed
2026-07-09,Dad Joke Loading,Sticker,$4.00,$0.60,Full Price,Marketplace,Completed
2026-07-09,Book Dragon Hoarder,Tank Top,$24.00,$4.00,Full Price,Your Store Link,Completed
2026-07-10,Coffee Then Chaos,T-Shirt,$24.00,$4.00,Full Price,Marketplace,Completed
2026-07-10,Plant Mom Club,T-Shirt,$24.00,$4.00,Full Price,Marketplace,Completed
2026-07-10,Ugly Sweater Llama,Hoodie,$45.00,$8.00,Full Price,Marketplace,Completed
2026-07-11,Retro Sunset Cat,Sticker,$4.00,$0.60,Full Price,Marketplace,Completed
2026-07-11,Coffee Then Chaos,T-Shirt,$24.00,$4.00,Full Price,Marketplace,Completed
2026-07-11,Book Dragon Hoarder,Sticker,$4.00,$0.60,Full Price,Marketplace,Completed
2026-07-12,Coffee Then Chaos,T-Shirt,$24.00,$4.00,Full Price,Your Store Link,Completed
2026-07-12,Plant Mom Club,T-Shirt,$24.00,$4.00,Full Price,Marketplace,Completed
2026-07-13,Retro Sunset Cat,T-Shirt,$24.00,$4.00,Full Price,Marketplace,Completed
2026-07-13,Coffee Then Chaos,Wall Art,$28.00,$4.50,Full Price,Your Store Link,Completed
2026-07-13,Introverts Unite Separately,Sticker,$4.00,$0.60,Full Price,Marketplace,Completed
2026-07-13,Book Dragon Hoarder,T-Shirt,$24.00,$4.00,Full Price,Marketplace,Completed
2026-07-14,Retro Sunset Cat,T-Shirt,$24.00,$4.00,Full Price,Marketplace,Completed
2026-07-14,Coffee Then Chaos,T-Shirt,$24.00,$4.00,Full Price,Marketplace,Completed
2026-07-14,Plant Mom Club,T-Shirt,$24.00,$4.00,Full Price,Your Store Link,Completed
2026-07-14,Pixel Art Mushroom,Tank Top,$24.00,$4.00,Full Price,Marketplace,Completed
2026-07-14,Book Dragon Hoarder,T-Shirt,$24.00,$4.00,Full Price,Marketplace,Completed
2026-07-15,Retro Sunset Cat,Sticker,$4.00,$0.60,Full Price,Marketplace,Completed
2026-07-15,Coffee Then Chaos,Mug,$16.00,$2.00,Full Price,Marketplace,Completed
2026-07-15,Plant Mom Club,T-Shirt,$24.00,$4.00,Full Price,Marketplace,Completed
2026-07-17,Retro Sunset Cat,Sticker,$4.00,$0.60,Full Price,Marketplace,Completed
2026-07-17,Spooky Season Ghost Squad,T-Shirt,$24.00,$4.00,Full Price,Marketplace,Completed
2026-07-17,Book Dragon Hoarder,T-Shirt,$24.00,$4.00,Full Price,Marketplace,Completed
2026-07-18,Coffee Then Chaos,Hoodie,$45.00,$8.00,Full Price,Marketplace,Completed
2026-07-19,Introverts Unite Separately,Mug,$16.00,$2.00,Full Price,Marketplace,Completed
2026-07-19,Book Dragon Hoarder,Sticker,$4.00,$0.60,Full Price,Marketplace,Completed
2026-07-20,Retro Sunset Cat,Tank Top,$24.00,$4.00,Full Price,Your Store Link,Completed
2026-07-20,Introverts Unite Separately,Hoodie,$45.00,$8.00,Full Price,Marketplace,Completed
2026-07-20,Pixel Art Mushroom,Sticker,$4.00,$0.60,Full Price,Marketplace,Completed
2026-07-21,Retro Sunset Cat,Tank Top,$24.00,$4.00,Full Price,Marketplace,Completed
2026-07-21,Coffee Then Chaos,Hoodie,$45.00,$8.00,Full Price,Marketplace,Completed
2026-07-21,Plant Mom Club,Mug,$16.00,$2.00,Full Price,Marketplace,Completed
2026-07-21,Introverts Unite Separately,T-Shirt,$24.00,$4.00,Full Price,Marketplace,Completed
2026-07-21,Pixel Art Mushroom,T-Shirt,$24.00,$4.00,Full Price,Your Store Link,Completed
2026-07-22,Plant Mom Club,Sticker,$4.00,$0.60,Full Price,Your Store Link,Completed
2026-07-22,Introverts Unite Separately,Sticker,$4.00,$0.60,Full Price,Marketplace,Completed
2026-07-22,Book Dragon Hoarder,T-Shirt,$24.00,$4.00,Full Price,Marketplace,Completed
2026-07-23,Coffee Then Chaos,T-Shirt,$24.00,$4.00,Full Price,Marketplace,Completed
2026-07-23,Plant Mom Club,T-Shirt,$24.00,$4.00,Full Price,Marketplace,Completed
2026-07-23,Ugly Sweater Llama,Mug,$16.00,$2.00,Full Price,Marketplace,Completed
2026-07-23,Book Dragon Hoarder,T-Shirt,$24.00,$4.00,Full Price,Marketplace,Completed
2026-07-24,Plant Mom Club,Sticker,$4.00,$0.60,Full Price,Your Store Link,Completed
2026-07-24,Book Dragon Hoarder,T-Shirt,$24.00,$4.00,Full Price,Marketplace,Completed
2026-07-25,Pixel Art Mushroom,Sticker,$4.00,$0.60,Full Price,Your Store Link,Completed
2026-07-25,Book Dragon Hoarder,Tank Top,$24.00,$4.00,Full Price,Marketplace,Completed
2026-07-26,Book Dragon Hoarder,T-Shirt,$24.00,$4.00,Full Price,Marketplace,Completed
2026-07-27,Coffee Then Chaos,T-Shirt,$24.00,$4.00,Full Price,Marketplace,Completed
2026-07-27,Plant Mom Club,T-Shirt,$24.00,$4.00,Full Price,Marketplace,Completed
2026-07-27,Book Dragon Hoarder,T-Shirt,$24.00,$4.00,Full Price,Marketplace,Completed
2026-07-28,Coffee Then Chaos,T-Shirt,$24.00,$4.00,Full Price,Marketplace,Completed
2026-07-28,Book Dragon Hoarder,Mug,$16.00,$2.00,Full Price,Your Store Link,Completed
2026-07-29,Coffee Then Chaos,T-Shirt,$24.00,$4.00,Full Price,Marketplace,Completed
2026-07-30,Retro Sunset Cat,T-Shirt,$24.00,$4.00,Full Price,Marketplace,Completed
2026-07-30,Coffee Then Chaos,Phone Case,$22.00,$3.00,Full Price,Marketplace,Completed
2026-07-30,Dad Joke Loading,Sticker,$4.00,$0.60,Full Price,Marketplace,Completed
2026-07-30,Book Dragon Hoarder,Sticker,$4.00,$0.60,Full Price,Marketplace,Completed
2026-07-31,Retro Sunset Cat,Sticker,$4.00,$0.60,Full Price,Marketplace,Completed
2026-07-31,Introverts Unite Separately,T-Shirt,$24.00,$4.00,Full Price,Marketplace,Completed
2026-07-31,Ugly Sweater Llama,T-Shirt,$24.00,$4.00,Full Price,Marketplace,Completed
2026-07-31,Book Dragon Hoarder,T-Shirt,$24.00,$4.00,Full Price,Your Store Link,Completed
2026-08-01,Retro Sunset Cat,Hoodie,$45.00,$8.00,Full Price,Marketplace,Completed
2026-08-01,Ugly Sweater Llama,Sticker,$4.00,$0.60,Full Price,Marketplace,Completed
2026-08-01,Book Dragon Hoarder,T-Shirt,$24.00,$4.00,Full Price,Marketplace,Completed
2026-08-02,Retro Sunset Cat,T-Shirt,$24.00,$4.00,Full Price,Your Store Link,Completed
2026-08-02,Coffee Then Chaos,Sticker,$4.00,$0.60,Full Price,Marketplace,Completed
2026-08-02,Book Dragon Hoarder,T-Shirt,$24.00,$4.00,Full Price,Marketplace,Completed
2026-08-03,Coffee Then Chaos,Sticker,$4.00,$0.60,Full Price,Marketplace,Completed
2026-08-03,Plant Mom Club,Sticker,$4.00,$0.60,Full Price,Marketplace,Completed
2026-08-03,Introverts Unite Separately,Hoodie,$45.00,$8.00,Full Price,Marketplace,Completed
2026-08-03,Dad Joke Loading,T-Shirt,$24.00,$4.00,Full Price,Marketplace,Completed
2026-08-03,Book Dragon Hoarder,T-Shirt,$24.00,$4.00,Full Price,Marketplace,Completed
2026-08-04,Coffee Then Chaos,T-Shirt,$24.00,$4.00,Full Price,Marketplace,Completed
2026-08-04,Plant Mom Club,Wall Art,$28.00,$4.50,Full Price,Marketplace,Completed
2026-08-04,Introverts Unite Separately,Mug,$16.00,$2.00,Full Price,Marketplace,Completed
2026-08-04,Book Dragon Hoarder,Hoodie,$45.00,$8.00,Full Price,Marketplace,Completed
2026-08-05,Retro Sunset Cat,Mug,$16.00,$2.00,Full Price,Marketplace,Completed
2026-08-05,Introverts Unite Separately,T-Shirt,$24.00,$4.00,Full Price,Marketplace,Completed
2026-08-05,Book Dragon Hoarder,T-Shirt,$24.00,$4.00,Full Price,Marketplace,Completed
2026-08-06,Retro Sunset Cat,T-Shirt,$24.00,$4.00,Full Price,Marketplace,Completed
2026-08-07,Coffee Then Chaos,Sticker,$4.00,$0.60,Full Price,Your Store Link,Completed
2026-08-07,Dad Joke Loading,T-Shirt,$24.00,$4.00,Full Price,Marketplace,Completed
2026-08-07,Book Dragon Hoarder,Hoodie,$45.00,$8.00,Full Price,Marketplace,Completed
2026-08-08,Plant Mom Club,Sticker,$4.00,$0.60,Full Price,Marketplace,Completed
2026-08-08,Pixel Art Mushroom,T-Shirt,$24.00,$4.00,Full Price,Marketplace,Completed
2026-08-09,Retro Sunset Cat,T-Shirt,$24.00,$4.00,Full Price,Marketplace,Completed
2026-08-09,Coffee Then Chaos,T-Shirt,$24.00,$4.00,Full Price,Marketplace,Completed
2026-08-09,Plant Mom Club,T-Shirt,$24.00,$4.00,Full Price,Marketplace,Completed
2026-08-09,Introverts Unite Separately,T-Shirt,$24.00,$4.00,Full Price,Marketplace,Completed
2026-08-09,Book Dragon Hoarder,T-Shirt,$24.00,$4.00,Full Price,Marketplace,Completed
2026-08-10,Coffee Then Chaos,Mug,$16.00,$2.00,Full Price,Marketplace,Completed
2026-08-10,Plant Mom Club,Hoodie,$45.00,$8.00,Full Price,Your Store Link,Completed
2026-08-10,Introverts Unite Separately,Mug,$16.00,$2.00,Full Price,Marketplace,Completed
2026-08-10,Dad Joke Loading,Sticker,$4.00,$0.60,Full Price,Marketplace,Completed
2026-08-10,Pixel Art Mushroom,Phone Case,$22.00,$3.00,Full Price,Your Store Link,Completed
2026-08-10,Book Dragon Hoarder,T-Shirt,$24.00,$4.00,Full Price,Marketplace,Completed
2026-08-11,Retro Sunset Cat,T-Shirt,$24.00,$4.00,Full Price,Marketplace,Completed
2026-08-11,Coffee Then Chaos,Hoodie,$45.00,$8.00,Full Price,Marketplace,Completed
2026-08-11,Plant Mom Club,Hoodie,$45.00,$8.00,Full Price,Your Store Link,Completed
2026-08-11,Book Dragon Hoarder,Sticker,$4.00,$0.60,Full Price,Your Store Link,Completed
2026-08-12,Coffee Then Chaos,Sticker,$4.00,$0.60,Full Price,Marketplace,Completed
2026-08-12,Dad Joke Loading,Sticker,$4.00,$0.60,Full Price,Marketplace,Completed
2026-08-12,Pixel Art Mushroom,Sticker,$4.00,$0.60,Full Price,Marketplace,Completed
2026-08-12,Book Dragon Hoarder,Sticker,$4.00,$0.60,Full Price,Marketplace,Completed
2026-08-13,Pixel Art Mushroom,T-Shirt,$24.00,$4.00,Full Price,Your Store Link,Completed
2026-08-13,Book Dragon Hoarder,Sticker,$4.00,$0.60,Full Price,Marketplace,Completed
2026-08-14,Spooky Season Ghost Squad,Hoodie,$45.00,$8.00,Full Price,Marketplace,Completed
2026-08-14,Plant Mom Club,T-Shirt,$24.00,$4.00,Full Price,Marketplace,Completed
2026-08-14,Introverts Unite Separately,T-Shirt,$24.00,$4.00,Full Price,Marketplace,Completed
2026-08-14,Dad Joke Loading,T-Shirt,$24.00,$4.00,Full Price,Marketplace,Completed
2026-08-14,Book Dragon Hoarder,T-Shirt,$24.00,$4.00,Full Price,Marketplace,Completed
2026-08-15,Retro Sunset Cat,Hoodie,$45.00,$8.00,Full Price,Marketplace,Completed
2026-08-15,Coffee Then Chaos,Hoodie,$45.00,$8.00,Full Price,Your Store Link,Completed
2026-08-15,Spooky Season Ghost Squad,T-Shirt,$24.00,$4.00,Full Price,Marketplace,Completed
2026-08-15,Plant Mom Club,Hoodie,$45.00,$8.00,Full Price,Marketplace,Completed
2026-08-15,Book Dragon Hoarder,Hoodie,$45.00,$8.00,Full Price,Marketplace,Completed
2026-08-16,Coffee Then Chaos,T-Shirt,$24.00,$4.00,Full Price,Marketplace,Completed
2026-08-16,Spooky Season Ghost Squad,T-Shirt,$24.00,$4.00,Full Price,Marketplace,Completed
2026-08-16,Plant Mom Club,Sticker,$4.00,$0.60,Full Price,Marketplace,Completed
2026-08-16,Introverts Unite Separately,T-Shirt,$24.00,$4.00,Full Price,Your Store Link,Completed
2026-08-16,Book Dragon Hoarder,Sticker,$4.00,$0.60,Full Price,Marketplace,Completed
2026-08-17,Retro Sunset Cat,T-Shirt,$24.00,$4.00,Full Price,Marketplace,Completed
2026-08-17,Introverts Unite Separately,Sticker,$4.00,$0.60,Full Price,Marketplace,Completed
2026-08-18,Coffee Then Chaos,Sticker,$4.00,$0.60,Full Price,Marketplace,Completed
2026-08-18,Plant Mom Club,T-Shirt,$24.00,$4.00,Full Price,Marketplace,Completed
2026-08-18,Introverts Unite Separately,T-Shirt,$24.00,$4.00,Full Price,Your Store Link,Completed
2026-08-19,Retro Sunset Cat,Mug,$16.00,$2.00,Full Price,Marketplace,Completed
2026-08-19,Plant Mom Club,Phone Case,$22.00,$3.00,Full Price,Marketplace,Completed
2026-08-19,Dad Joke Loading,T-Shirt,$24.00,$4.00,Full Price,Marketplace,Completed
2026-08-19,Pixel Art Mushroom,Sticker,$4.00,$0.60,Full Price,Marketplace,Completed
2026-08-19,Ugly Sweater Llama,T-Shirt,$24.00,$4.00,Full Price,Marketplace,Completed
2026-08-20,Retro Sunset Cat,T-Shirt,$24.00,$4.00,Full Price,Marketplace,Completed
2026-08-20,Coffee Then Chaos,Sticker,$4.00,$0.60,Full Price,Marketplace,Completed
2026-08-20,Introverts Unite Separately,Tank Top,$24.00,$4.00,Full Price,Marketplace,Completed
2026-08-20,Book Dragon Hoarder,Phone Case,$22.00,$3.00,Full Price,Marketplace,Completed
2026-08-21,Coffee Then Chaos,T-Shirt,$24.00,$4.00,Full Price,Marketplace,Completed
2026-08-21,Dad Joke Loading,Sticker,$4.00,$0.60,Full Price,Marketplace,Completed
2026-08-21,Pixel Art Mushroom,Sticker,$4.00,$0.60,Full Price,Marketplace,Completed
2026-08-22,Coffee Then Chaos,Phone Case,$22.00,$3.00,Full Price,Marketplace,Completed
2026-08-22,Plant Mom Club,T-Shirt,$24.00,$4.00,Full Price,Marketplace,Completed
2026-08-22,Introverts Unite Separately,T-Shirt,$24.00,$4.00,Full Price,Marketplace,Completed
2026-08-23,Retro Sunset Cat,Sticker,$4.00,$0.60,Full Price,Your Store Link,Completed
2026-08-23,Coffee Then Chaos,T-Shirt,$24.00,$4.00,Full Price,Marketplace,Completed
2026-08-23,Plant Mom Club,T-Shirt,$24.00,$4.00,Full Price,Marketplace,Completed
2026-08-23,Introverts Unite Separately,Sticker,$4.00,$0.60,Full Price,Marketplace,Completed
2026-08-23,Ugly Sweater Llama,T-Shirt,$24.00,$4.00,Full Price,Marketplace,Completed
2026-08-23,Book Dragon Hoarder,T-Shirt,$24.00,$4.00,Full Price,Marketplace,Completed
2026-08-24,Book Dragon Hoarder,Sticker,$4.00,$0.60,Full Price,Marketplace,Completed
2026-08-25,Retro Sunset Cat,T-Shirt,$24.00,$4.00,Full Price,Your Store Link,Completed
2026-08-25,Coffee Then Chaos,T-Shirt,$24.00,$4.00,Full Price,Marketplace,Completed
2026-08-26,Plant Mom Club,Sticker,$4.00,$0.60,Full Price,Marketplace,Completed
2026-08-26,Pixel Art Mushroom,T-Shirt,$24.00,$4.00,Full Price,Marketplace,Completed
2026-08-26,Book Dragon Hoarder,Sticker,$4.00,$0.60,Full Price,Marketplace,Completed
2026-08-27,Retro Sunset Cat,Phone Case,$22.00,$3.00,Full Price,Marketplace,Completed
2026-08-27,Coffee Then Chaos,T-Shirt,$24.00,$4.00,Full Price,Marketplace,Completed
2026-08-27,Introverts Unite Separately,T-Shirt,$24.00,$4.00,Full Price,Marketplace,Completed
2026-08-27,Book Dragon Hoarder,Mug,$16.00,$2.00,Full Price,Marketplace,Completed
2026-08-28,Retro Sunset Cat,T-Shirt,$24.00,$4.00,Full Price,Marketplace,Completed
2026-08-28,Coffee Then Chaos,T-Shirt,$24.00,$4.00,Full Price,Your Store Link,Completed
2026-08-28,Book Dragon Hoarder,Sticker,$4.00,$0.60,Full Price,Marketplace,Completed
2026-08-29,Plant Mom Club,T-Shirt,$24.00,$4.00,Full Price,Marketplace,Completed
2026-08-29,Dad Joke Loading,T-Shirt,$24.00,$4.00,Full Price,Marketplace,Completed
2026-08-29,Book Dragon Hoarder,T-Shirt,$24.00,$4.00,Full Price,Marketplace,Completed
2026-08-30,Retro Sunset Cat,Phone Case,$22.00,$3.00,Full Price,Marketplace,Completed
2026-08-30,Coffee Then Chaos,Tank Top,$24.00,$4.00,Full Price,Marketplace,Completed
2026-08-30,Plant Mom Club,T-Shirt,$24.00,$4.00,Full Price,Marketplace,Completed
2026-08-31,Retro Sunset Cat,Phone Case,$22.00,$3.00,Full Price,Your Store Link,Completed
2026-08-31,Plant Mom Club,T-Shirt,$24.00,$4.00,Full Price,Your Store Link,Completed
2026-08-31,Introverts Unite Separately,Hoodie,$45.00,$8.00,Full Price,Marketplace,Completed
2026-09-01,Plant Mom Club,T-Shirt,$24.00,$4.00,Full Price,Marketplace,Completed
2026-09-01,Introverts Unite Separately,T-Shirt,$24.00,$4.00,Full Price,Marketplace,Completed
2026-09-01,Pixel Art Mushroom,T-Shirt,$24.00,$4.00,Full Price,Marketplace,Completed
2026-09-01,Book Dragon Hoarder,T-Shirt,$24.00,$4.00,Full Price,Marketplace,Completed
2026-09-02,Retro Sunset Cat,Phone Case,$22.00,$3.00,Full Price,Marketplace,Completed
2026-09-02,Coffee Then Chaos,T-Shirt,$24.00,$4.00,Full Price,Marketplace,Completed
2026-09-02,Plant Mom Club,Sticker,$4.00,$0.60,Full Price,Marketplace,Completed
2026-09-02,Introverts Unite Separately,T-Shirt,$24.00,$4.00,Full Price,Marketplace,Completed
2026-09-02,Book Dragon Hoarder,T-Shirt,$24.00,$4.00,Full Price,Marketplace,Completed
2026-09-03,Retro Sunset Cat,T-Shirt,$24.00,$4.00,Full Price,Your Store Link,Completed
2026-09-03,Spooky Season Ghost Squad,T-Shirt,$24.00,$4.00,Full Price,Your Store Link,Completed
2026-09-03,Plant Mom Club,T-Shirt,$24.00,$4.00,Full Price,Marketplace,Completed
2026-09-03,Book Dragon Hoarder,T-Shirt,$24.00,$4.00,Full Price,Marketplace,Completed
2026-09-04,Spooky Season Ghost Squad,Sticker,$4.00,$0.60,Full Price,Marketplace,Completed
2026-09-04,Plant Mom Club,Sticker,$4.00,$0.60,Full Price,Marketplace,Completed
2026-09-04,Introverts Unite Separately,T-Shirt,$24.00,$4.00,Full Price,Marketplace,Completed
2026-09-04,Dad Joke Loading,Sticker,$4.00,$0.60,Full Price,Marketplace,Completed
2026-09-04,Pixel Art Mushroom,T-Shirt,$24.00,$4.00,Full Price,Marketplace,Completed
2026-09-04,Book Dragon Hoarder,T-Shirt,$24.00,$4.00,Full Price,Marketplace,Completed
2026-09-05,Retro Sunset Cat,T-Shirt,$24.00,$4.00,Full Price,Marketplace,Completed
2026-09-05,Coffee Then Chaos,T-Shirt,$24.00,$4.00,Full Price,Marketplace,Completed
2026-09-05,Spooky Season Ghost Squad,T-Shirt,$24.00,$4.00,Full Price,Marketplace,Completed
2026-09-05,Introverts Unite Separately,Hoodie,$45.00,$-8.00,Full Price,Marketplace,Refunded
2026-09-06,Plant Mom Club,T-Shirt,$24.00,$4.00,Full Price,Marketplace,Completed
2026-09-06,Introverts Unite Separately,Mug,$16.00,$2.00,Full Price,Marketplace,Completed
2026-09-06,Book Dragon Hoarder,T-Shirt,$24.00,$4.00,Full Price,Marketplace,Completed
2026-09-07,Spooky Season Ghost Squad,T-Shirt,$24.00,$4.00,Full Price,Marketplace,Completed
2026-09-07,Plant Mom Club,T-Shirt,$24.00,$4.00,Full Price,Marketplace,Completed
2026-09-07,Pixel Art Mushroom,T-Shirt,$24.00,$4.00,Full Price,Marketplace,Completed
2026-09-07,Book Dragon Hoarder,Hoodie,$45.00,$8.00,Full Price,Marketplace,Completed
2026-09-08,Coffee Then Chaos,Tank Top,$24.00,$4.00,Full Price,Marketplace,Completed
2026-09-08,Spooky Season Ghost Squad,Mug,$16.00,$2.00,Full Price,Marketplace,Completed
2026-09-08,Plant Mom Club,T-Shirt,$24.00,$4.00,Full Price,Marketplace,Completed
2026-09-08,Dad Joke Loading,T-Shirt,$24.00,$4.00,Full Price,Marketplace,Completed
2026-09-08,Book Dragon Hoarder,T-Shirt,$24.00,$4.00,Full Price,Marketplace,Completed
2026-09-09,Retro Sunset Cat,Sticker,$4.00,$0.60,Full Price,Your Store Link,Completed
2026-09-09,Coffee Then Chaos,T-Shirt,$24.00,$4.00,Full Price,Marketplace,Completed
2026-09-09,Pixel Art Mushroom,T-Shirt,$24.00,$4.00,Full Price,Marketplace,Completed
2026-09-09,Book Dragon Hoarder,Wall Art,$28.00,$4.50,Full Price,Marketplace,Completed
2026-09-10,Retro Sunset Cat,T-Shirt,$24.00,$4.00,Full Price,Marketplace,Completed
2026-09-10,Coffee Then Chaos,T-Shirt,$24.00,$4.00,Full Price,Marketplace,Completed
2026-09-10,Book Dragon Hoarder,T-Shirt,$24.00,$4.00,Full Price,Marketplace,Completed
2026-09-11,Retro Sunset Cat,Mug,$16.00,$2.00,Full Price,Marketplace,Completed
2026-09-11,Coffee Then Chaos,T-Shirt,$24.00,$4.00,Full Price,Your Store Link,Completed
2026-09-11,Spooky Season Ghost Squad,T-Shirt,$24.00,$4.00,Full Price,Marketplace,Completed
2026-09-11,Introverts Unite Separately,T-Shirt,$24.00,$4.00,Full Price,Marketplace,Completed
2026-09-11,Pixel Art Mushroom,Hoodie,$45.00,$8.00,Full Price,Marketplace,Completed
2026-09-12,Retro Sunset Cat,T-Shirt,$24.00,$4.00,Full Price,Marketplace,Completed
2026-09-12,Coffee Then Chaos,T-Shirt,$24.00,$4.00,Full Price,Marketplace,Completed
2026-09-12,Dad Joke Loading,T-Shirt,$24.00,$4.00,Full Price,Marketplace,Completed
2026-09-12,Book Dragon Hoarder,T-Shirt,$24.00,$4.00,Full Price,Marketplace,Completed
2026-09-13,Coffee Then Chaos,Phone Case,$22.00,$3.00,Full Price,Marketplace,Completed
2026-09-13,Spooky Season Ghost Squad,T-Shirt,$24.00,$4.00,Full Price,Your Store Link,Completed
2026-09-13,Book Dragon Hoarder,T-Shirt,$24.00,$4.00,Full Price,Marketplace,Completed
2026-09-14,Coffee Then Chaos,T-Shirt,$24.00,$4.00,Full Price,Marketplace,Completed
2026-09-14,Plant Mom Club,Mug,$16.00,$2.00,Full Price,Marketplace,Completed
2026-09-14,Book Dragon Hoarder,Sticker,$4.00,$0.60,Full Price,Your Store Link,Completed
2026-09-15,Coffee Then Chaos,Mug,$16.00,$2.00,Full Price,Marketplace,Completed
2026-09-15,Plant Mom Club,T-Shirt,$24.00,$4.00,Full Price,Marketplace,Completed
2026-09-15,Introverts Unite Separately,Phone Case,$22.00,$3.00,Full Price,Marketplace,Completed
2026-09-15,Dad Joke Loading,Hoodie,$45.00,$8.00,Full Price,Marketplace,Completed
2026-09-15,Book Dragon Hoarder,Hoodie,$45.00,$8.00,Full Price,Marketplace,Completed
2026-09-16,Retro Sunset Cat,Sticker,$4.00,$0.60,Full Price,Marketplace,Completed
2026-09-16,Coffee Then Chaos,T-Shirt,$24.00,$4.00,Full Price,Marketplace,Completed
2026-09-16,Plant Mom Club,T-Shirt,$24.00,$4.00,Full Price,Marketplace,Completed
2026-09-16,Introverts Unite Separately,T-Shirt,$24.00,$4.00,Full Price,Marketplace,Completed
2026-09-16,Pixel Art Mushroom,Sticker,$4.00,$0.60,Full Price,Marketplace,Completed
2026-09-16,Book Dragon Hoarder,T-Shirt,$24.00,$4.00,Full Price,Marketplace,Completed
2026-09-17,Coffee Then Chaos,Sticker,$4.00,$0.60,Full Price,Marketplace,Completed
2026-09-17,Spooky Season Ghost Squad,T-Shirt,$24.00,$4.00,Full Price,Marketplace,Completed
2026-09-17,Plant Mom Club,T-Shirt,$24.00,$4.00,Full Price,Marketplace,Completed
2026-09-18,Retro Sunset Cat,Mug,$16.00,$2.00,Full Price,Marketplace,Completed
2026-09-18,Coffee Then Chaos,Tank Top,$24.00,$4.00,Full Price,Marketplace,Completed
2026-09-18,Plant Mom Club,Hoodie,$45.00,$8.00,Full Price,Your Store Link,Completed
2026-09-18,Introverts Unite Separately,T-Shirt,$24.00,$4.00,Full Price,Marketplace,Completed
2026-09-18,Book Dragon Hoarder,Hoodie,$45.00,$8.00,Full Price,Your Store Link,Completed
2026-09-19,Retro Sunset Cat,T-Shirt,$24.00,$4.00,Full Price,Marketplace,Completed
2026-09-19,Coffee Then Chaos,Mug,$16.00,$2.00,Full Price,Marketplace,Completed
2026-09-19,Pixel Art Mushroom,Mug,$16.00,$2.00,Full Price,Marketplace,Completed
2026-09-19,Book Dragon Hoarder,T-Shirt,$24.00,$4.00,Full Price,Marketplace,Completed
2026-09-20,Spooky Season Ghost Squad,T-Shirt,$24.00,$4.00,Full Price,Marketplace,Completed
2026-09-20,Plant Mom Club,Sticker,$4.00,$0.60,Full Price,Marketplace,Completed
2026-09-20,Book Dragon Hoarder,Sticker,$4.00,$0.60,Full Price,Marketplace,Completed
2026-09-21,Retro Sunset Cat,Sticker,$4.00,$0.60,Full Price,Marketplace,Completed
2026-09-21,Plant Mom Club,T-Shirt,$24.00,$4.00,Full Price,Marketplace,Completed
2026-09-21,Introverts Unite Separately,Mug,$16.00,$2.00,Full Price,Marketplace,Completed
2026-09-21,Dad Joke Loading,T-Shirt,$24.00,$4.00,Full Price,Marketplace,Completed
2026-09-21,Book Dragon Hoarder,Hoodie,$45.00,$8.00,Full Price,Marketplace,Completed
2026-09-22,Retro Sunset Cat,T-Shirt,$24.00,$4.00,Full Price,Marketplace,Completed
2026-09-22,Spooky Season Ghost Squad,Sticker,$4.00,$0.60,Full Price,Marketplace,Completed
2026-09-22,Plant Mom Club,Hoodie,$45.00,$8.00,Full Price,Marketplace,Completed
2026-09-22,Introverts Unite Separately,Sticker,$4.00,$0.60,Full Price,Marketplace,Completed
2026-09-22,Dad Joke Loading,T-Shirt,$24.00,$4.00,Full Price,Marketplace,Completed
2026-09-22,Book Dragon Hoarder,T-Shirt,$24.00,$4.00,Full Price,Your Store Link,Completed
2026-09-23,Coffee Then Chaos,T-Shirt,$24.00,$4.00,Full Price,Marketplace,Completed
2026-09-23,Ugly Sweater Llama,T-Shirt,$24.00,$4.00,Full Price,Marketplace,Completed
2026-09-23,Book Dragon Hoarder,T-Shirt,$24.00,$4.00,Full Price,Marketplace,Completed
2026-09-24,Retro Sunset Cat,Mug,$16.00,$2.00,Full Price,Your Store Link,Completed
2026-09-24,Coffee Then Chaos,T-Shirt,$24.00,$4.00,Full Price,Marketplace,Completed
2026-09-24,Spooky Season Ghost Squad,T-Shirt,$24.00,$4.00,Full Price,Marketplace,Completed
2026-09-24,Plant Mom Club,Hoodie,$45.00,$8.00,Full Price,Marketplace,Completed
2026-09-24,Introverts Unite Separately,Hoodie,$45.00,$8.00,Full Price,Marketplace,Completed
2026-09-24,Dad Joke Loading,Wall Art,$28.00,$4.50,Full Price,Marketplace,Completed
2026-09-24,Ugly Sweater Llama,Sticker,$4.00,$0.60,Full Price,Marketplace,Completed
2026-09-24,Book Dragon Hoarder,T-Shirt,$24.00,$4.00,Full Price,Marketplace,Completed
2026-09-25,Spooky Season Ghost Squad,Tank Top,$24.00,$4.00,Full Price,Marketplace,Completed
2026-09-25,Plant Mom Club,T-Shirt,$24.00,$4.00,Full Price,Marketplace,Completed
2026-09-25,Introverts Unite Separately,T-Shirt,$24.00,$4.00,Full Price,Marketplace,Completed
2026-09-25,Dad Joke Loading,T-Shirt,$24.00,$4.00,Full Price,Marketplace,Completed
2026-09-25,Pixel Art Mushroom,Sticker,$4.00,$0.60,Full Price,Marketplace,Completed
2026-09-25,Book Dragon Hoarder,T-Shirt,$24.00,$4.00,Full Price,Marketplace,Completed
2026-09-26,Spooky Season Ghost Squad,Sticker,$4.00,$0.60,Full Price,Marketplace,Completed
2026-09-26,Book Dragon Hoarder,T-Shirt,$24.00,$4.00,Full Price,Marketplace,Completed
2026-09-27,Coffee Then Chaos,Wall Art,$28.00,$4.50,Full Price,Marketplace,Completed
2026-09-27,Plant Mom Club,T-Shirt,$24.00,$4.00,Full Price,Marketplace,Completed
2026-09-27,Book Dragon Hoarder,Mug,$16.00,$2.00,Full Price,Your Store Link,Completed
2026-09-28,Coffee Then Chaos,Mug,$16.00,$2.00,Full Price,Marketplace,Completed
2026-09-28,Spooky Season Ghost Squad,T-Shirt,$24.00,$4.00,Full Price,Marketplace,Completed
2026-09-28,Plant Mom Club,Phone Case,$22.00,$3.00,Full Price,Your Store Link,Completed
2026-09-28,Introverts Unite Separately,Hoodie,$45.00,$8.00,Full Price,Marketplace,Completed
2026-09-28,Pixel Art Mushroom,T-Shirt,$24.00,$4.00,Full Price,Your Store Link,Completed
2026-09-28,Book Dragon Hoarder,Phone Case,$22.00,$3.00,Full Price,Your Store Link,Completed
2026-09-29,Spooky Season Ghost Squad,Hoodie,$45.00,$8.00,Full Price,Your Store Link,Completed
2026-09-30,Retro Sunset Cat,T-Shirt,$24.00,$-4.00,Full Price,Marketplace,Refunded
2026-09-30,Coffee Then Chaos,Tank Top,$24.00,$4.00,Full Price,Your Store Link,Completed
2026-09-30,Spooky Season Ghost Squad,T-Shirt,$24.00,$4.00,Full Price,Marketplace,Completed
2026-09-30,Plant Mom Club,Sticker,$4.00,$0.60,Full Price,Marketplace,Completed
2026-09-30,Pixel Art Mushroom,T-Shirt,$24.00,$4.00,Full Price,Marketplace,Completed
